2026-08-02 15:41:58,158 | INFO | server | Xprep AI Platform API started successfully
2026-08-02 15:41:58,159 | INFO | server | MongoDB URL configured: Yes
2026-08-02 15:41:58,160 | INFO | server | Gemini API Key configured: Yes
2026-08-02 15:43:56,156 | INFO | xprep | Register endpoint called
2026-08-02 15:45:03,332 | INFO | xprep | Register endpoint called
2026-08-02 15:45:04,349 | INFO | xprep | New user registered: manya12345@test.com
2026-08-02 15:45:50,367 | INFO | xprep | Login endpoint called
2026-08-02 15:45:51,140 | INFO | xprep | User logged in: manya12345@test.com
2026-08-02 16:12:26,789 | INFO | server | Xprep AI Platform API started successfully
2026-08-02 16:12:26,789 | INFO | server | MongoDB configured: Yes
2026-08-02 16:12:26,791 | INFO | server | Gemini API configured: Yes
2026-08-02 16:14:44,265 | INFO | server | Xprep AI Platform API started successfully
2026-08-02 16:14:44,265 | INFO | server | MongoDB configured: Yes
2026-08-02 16:14:44,267 | INFO | server | Gemini API configured: Yes
2026-08-02 16:17:11,400 | INFO | server | Xprep AI Platform API started successfully
2026-08-02 16:17:11,400 | INFO | server | MongoDB configured: Yes
2026-08-02 16:17:11,401 | INFO | server | Gemini API configured: Yes
2026-08-02 16:20:43,529 | INFO | server | Xprep AI Platform API started successfully
2026-08-02 16:20:43,529 | INFO | server | MongoDB configured: Yes
2026-08-02 16:20:43,529 | INFO | server | Gemini API configured: Yes
2026-08-02 16:25:54,262 | INFO | server | Xprep AI Platform API started successfully
2026-08-02 16:25:54,262 | INFO | server | MongoDB configured: Yes
2026-08-02 16:25:54,263 | INFO | server | Gemini API configured: Yes
2026-08-02 16:29:25,283 | INFO | server | Xprep AI Platform API started successfully
2026-08-02 16:29:25,283 | INFO | server | MongoDB configured: Yes
2026-08-02 16:29:25,283 | INFO | server | Gemini API configured: Yes
2026-08-02 16:35:36,987 | INFO | xprep | Register endpoint called
2026-08-02 16:37:01,717 | INFO | xprep | Login endpoint called
2026-08-02 16:37:02,178 | INFO | xprep | User logged in: manya@test.com
2026-08-02 16:40:40,229 | INFO | xprep | Register endpoint called
2026-08-02 16:41:11,156 | INFO | xprep | Login endpoint called
2026-08-02 16:41:11,615 | INFO | xprep | User logged in: manya@test.com
2026-08-04 21:51:16,023 | INFO | server | Xprep AI Platform API started successfully
2026-08-04 21:51:16,038 | INFO | server | MongoDB configured: Yes
2026-08-04 21:51:16,038 | INFO | server | Gemini API configured: Yes
2026-08-04 21:52:21,864 | INFO | xprep | Register endpoint called
2026-08-04 21:55:36,546 | INFO | xprep | Login endpoint called
2026-08-04 21:59:13,865 | INFO | xprep | Register endpoint called
2026-08-04 21:59:35,024 | INFO | xprep | Register endpoint called
2026-08-04 21:59:36,015 | INFO | xprep | New user registered: manya56789@test.com
2026-08-04 22:04:17,827 | INFO | xprep | Login endpoint called
2026-08-04 22:04:18,831 | INFO | xprep | User logged in: manya56789@test.com
2026-08-04 22:08:49,946 | INFO | xprep | Login endpoint called
2026-08-04 22:08:50,886 | INFO | xprep | User logged in: manya56789@test.com
2026-08-04 22:09:55,234 | INFO | xprep | Profile viewed: manya56789@test.com
2026-08-04 22:19:42,304 | INFO | xprep | Profile updated: manya56789@test.com
2026-08-04 22:21:22,274 | INFO | xprep | Password changed for: manya56789@test.com
2026-08-04 22:22:56,804 | INFO | xprep | Login endpoint called
2026-08-04 22:22:57,747 | INFO | xprep | User logged in: manya56789@test.com
2026-08-04 22:36:58,338 | INFO | xprep | Profile viewed: manya56789@test.com
2026-08-04 22:57:27,894 | INFO | xprep | Login endpoint called
2026-08-04 22:57:28,804 | INFO | xprep | User logged in: manya56789@test.com
2026-08-06 22:35:26,789 | INFO | server | Xprep AI Platform API started successfully
2026-08-06 22:35:26,790 | INFO | server | MongoDB configured: Yes
2026-08-06 22:35:26,790 | INFO | server | Gemini API configured: Yes
2026-08-06 22:39:43,629 | INFO | watchfiles.main | 1 change detected
2026-08-06 22:39:50,950 | INFO | watchfiles.main | 1 change detected
2026-08-06 22:39:52,622 | INFO | watchfiles.main | 4 changes detected
2026-08-06 22:39:53,729 | INFO | watchfiles.main | 1 change detected
2026-08-06 22:39:53,780 | INFO | server | Xprep AI Platform API started successfully
2026-08-06 22:39:53,781 | INFO | server | MongoDB configured: Yes
2026-08-06 22:39:53,781 | INFO | server | Gemini API configured: Yes
2026-08-06 22:39:54,134 | INFO | watchfiles.main | 6 changes detected
2026-08-06 22:39:54,541 | INFO | watchfiles.main | 1 change detected
2026-08-06 22:39:54,946 | INFO | watchfiles.main | 1 change detected
2026-08-06 22:39:55,352 | INFO | watchfiles.main | 1 change detected
2026-08-06 22:39:55,759 | INFO | watchfiles.main | 1 change detected
2026-08-06 22:39:56,175 | INFO | watchfiles.main | 1 change detected
2026-08-06 22:39:56,541 | INFO | watchfiles.main | 1 change detected
2026-08-06 22:39:56,951 | INFO | watchfiles.main | 1 change detected
2026-08-06 22:39:57,358 | INFO | watchfiles.main | 1 change detected
2026-08-06 22:39:57,763 | INFO | watchfiles.main | 1 change detected
2026-08-06 22:39:58,171 | INFO | watchfiles.main | 1 change detected
2026-08-06 22:39:58,576 | INFO | watchfiles.main | 1 change detected
2026-08-06 22:39:58,984 | INFO | watchfiles.main | 1 change detected
2026-08-06 22:39:59,399 | INFO | watchfiles.main | 1 change detected
2026-08-06 22:39:59,870 | INFO | watchfiles.main | 1 change detected
2026-08-06 22:40:00,259 | INFO | watchfiles.main | 1 change detected
2026-08-06 22:40:00,882 | INFO | watchfiles.main | 1 change detected
2026-08-06 22:40:01,348 | INFO | watchfiles.main | 1 change detected
2026-08-06 22:40:01,749 | INFO | watchfiles.main | 1 change detected
2026-08-06 22:40:02,184 | INFO | watchfiles.main | 1 change detected
2026-08-06 22:40:02,599 | INFO | watchfiles.main | 1 change detected
2026-08-06 22:40:03,006 | INFO | watchfiles.main | 1 change detected
2026-08-06 22:40:03,411 | INFO | watchfiles.main | 1 change detected
2026-08-06 22:40:03,818 | INFO | watchfiles.main | 1 change detected
2026-08-06 22:40:04,225 | INFO | watchfiles.main | 1 change detected
2026-08-06 22:40:04,630 | INFO | watchfiles.main | 1 change detected
2026-08-06 22:40:05,036 | INFO | watchfiles.main | 1 change detected
2026-08-06 22:40:05,442 | INFO | watchfiles.main | 1 change detected
2026-08-06 22:40:05,848 | INFO | watchfiles.main | 1 change detected
2026-08-06 22:40:06,258 | INFO | watchfiles.main | 1 change detected
2026-08-06 22:40:06,664 | INFO | watchfiles.main | 1 change detected
2026-08-06 22:40:07,071 | INFO | watchfiles.main | 1 change detected
2026-08-06 22:40:07,479 | INFO | watchfiles.main | 1 change detected
2026-08-06 22:40:07,886 | INFO | watchfiles.main | 1 change detected
2026-08-06 22:40:08,293 | INFO | watchfiles.main | 1 change detected
2026-08-06 22:40:08,700 | INFO | watchfiles.main | 1 change detected
2026-08-06 22:40:09,107 | INFO | watchfiles.main | 1 change detected
2026-08-06 22:40:09,535 | INFO | watchfiles.main | 1 change detected
2026-08-06 22:40:09,929 | INFO | watchfiles.main | 1 change detected
2026-08-06 22:40:10,376 | INFO | watchfiles.main | 1 change detected
2026-08-06 22:40:10,745 | INFO | watchfiles.main | 1 change detected
2026-08-06 22:40:11,161 | INFO | watchfiles.main | 1 change detected
2026-08-06 22:40:11,585 | INFO | watchfiles.main | 1 change detected
2026-08-06 22:40:11,983 | INFO | watchfiles.main | 1 change detected
2026-08-06 22:40:12,399 | INFO | watchfiles.main | 1 change detected
2026-08-06 22:40:12,807 | INFO | watchfiles.main | 1 change detected
2026-08-06 22:40:13,212 | INFO | watchfiles.main | 1 change detected
2026-08-06 22:40:13,621 | INFO | watchfiles.main | 1 change detected
2026-08-06 22:40:14,029 | INFO | watchfiles.main | 1 change detected
2026-08-06 22:40:14,391 | INFO | watchfiles.main | 1 change detected
2026-08-06 22:40:14,797 | INFO | watchfiles.main | 1 change detected
2026-08-06 22:40:15,206 | INFO | watchfiles.main | 1 change detected
2026-08-06 22:40:15,598 | INFO | watchfiles.main | 1 change detected
2026-08-06 22:40:16,036 | INFO | watchfiles.main | 1 change detected
2026-08-06 22:40:16,504 | INFO | watchfiles.main | 1 change detected
2026-08-06 22:40:16,917 | INFO | watchfiles.main | 1 change detected
2026-08-06 22:40:17,281 | INFO | watchfiles.main | 1 change detected
2026-08-06 22:40:17,694 | INFO | watchfiles.main | 1 change detected
2026-08-06 22:40:18,102 | INFO | watchfiles.main | 1 change detected
2026-08-06 22:40:18,514 | INFO | watchfiles.main | 1 change detected
2026-08-06 22:40:18,898 | INFO | watchfiles.main | 1 change detected
2026-08-06 22:40:19,337 | INFO | watchfiles.main | 1 change detected
2026-08-06 22:40:19,748 | INFO | watchfiles.main | 1 change detected
2026-08-06 22:40:20,154 | INFO | watchfiles.main | 1 change detected
2026-08-06 22:40:20,562 | INFO | watchfiles.main | 1 change detected
2026-08-06 22:40:20,977 | INFO | watchfiles.main | 1 change detected
2026-08-06 22:40:21,337 | INFO | watchfiles.main | 1 change detected
2026-08-06 22:40:21,753 | INFO | watchfiles.main | 1 change detected
2026-08-06 22:40:22,163 | INFO | watchfiles.main | 1 change detected
2026-08-06 22:40:22,525 | INFO | watchfiles.main | 1 change detected
2026-08-06 22:40:22,944 | INFO | watchfiles.main | 1 change detected
2026-08-06 22:40:23,423 | INFO | watchfiles.main | 1 change detected
2026-08-06 22:40:23,775 | INFO | watchfiles.main | 1 change detected
2026-08-06 22:40:24,191 | INFO | watchfiles.main | 1 change detected
2026-08-06 22:40:24,603 | INFO | watchfiles.main | 1 change detected
2026-08-06 22:40:25,044 | INFO | watchfiles.main | 1 change detected
2026-08-06 22:40:25,410 | INFO | watchfiles.main | 1 change detected
2026-08-06 22:40:25,876 | INFO | watchfiles.main | 1 change detected
2026-08-06 22:40:26,293 | INFO | watchfiles.main | 1 change detected
2026-08-06 22:40:26,652 | INFO | watchfiles.main | 1 change detected
2026-08-06 22:40:27,066 | INFO | watchfiles.main | 1 change detected
2026-08-06 22:40:27,475 | INFO | watchfiles.main | 1 change detected
2026-08-06 22:40:27,894 | INFO | watchfiles.main | 1 change detected
2026-08-06 22:40:28,258 | INFO | watchfiles.main | 1 change detected
2026-08-06 22:40:28,712 | INFO | watchfiles.main | 1 change detected
2026-08-06 22:40:29,098 | INFO | watchfiles.main | 1 change detected
2026-08-06 22:40:29,507 | INFO | watchfiles.main | 1 change detected
2026-08-06 22:40:29,917 | INFO | watchfiles.main | 1 change detected
2026-08-06 22:40:30,324 | INFO | watchfiles.main | 1 change detected
2026-08-06 22:40:30,731 | INFO | watchfiles.main | 1 change detected
2026-08-06 22:40:31,138 | INFO | watchfiles.main | 1 change detected
2026-08-06 22:40:31,544 | INFO | watchfiles.main | 1 change detected
2026-08-06 22:40:31,951 | INFO | watchfiles.main | 1 change detected
2026-08-06 22:40:32,358 | INFO | watchfiles.main | 1 change detected
2026-08-06 22:40:32,761 | INFO | watchfiles.main | 1 change detected
2026-08-06 22:40:33,166 | INFO | watchfiles.main | 1 change detected
2026-08-06 22:40:33,571 | INFO | watchfiles.main | 1 change detected
2026-08-06 22:40:33,979 | INFO | watchfiles.main | 1 change detected
2026-08-06 22:40:34,382 | INFO | watchfiles.main | 1 change detected
2026-08-06 22:40:34,788 | INFO | watchfiles.main | 1 change detected
2026-08-06 22:40:35,194 | INFO | watchfiles.main | 1 change detected
2026-08-06 22:40:35,600 | INFO | watchfiles.main | 1 change detected
2026-08-06 22:40:36,007 | INFO | watchfiles.main | 1 change detected
2026-08-06 22:40:36,410 | INFO | watchfiles.main | 1 change detected
2026-08-06 22:40:36,816 | INFO | watchfiles.main | 1 change detected
2026-08-06 22:40:37,223 | INFO | watchfiles.main | 1 change detected
2026-08-06 22:40:37,630 | INFO | watchfiles.main | 1 change detected
2026-08-06 22:40:38,083 | INFO | watchfiles.main | 1 change detected
2026-08-06 22:40:38,487 | INFO | watchfiles.main | 1 change detected
2026-08-06 22:40:38,892 | INFO | watchfiles.main | 1 change detected
2026-08-06 22:40:39,299 | INFO | watchfiles.main | 1 change detected
2026-08-06 22:40:39,703 | INFO | watchfiles.main | 1 change detected
2026-08-06 22:40:40,110 | INFO | watchfiles.main | 1 change detected
2026-08-06 22:40:40,514 | INFO | watchfiles.main | 1 change detected
2026-08-06 22:40:40,921 | INFO | watchfiles.main | 1 change detected
2026-08-06 22:40:41,325 | INFO | watchfiles.main | 1 change detected
2026-08-06 22:40:41,732 | INFO | watchfiles.main | 1 change detected
2026-08-06 22:40:42,135 | INFO | watchfiles.main | 1 change detected
2026-08-06 22:40:42,542 | INFO | watchfiles.main | 1 change detected
2026-08-06 22:40:42,950 | INFO | watchfiles.main | 1 change detected
2026-08-06 22:40:43,357 | INFO | watchfiles.main | 1 change detected
2026-08-06 22:40:43,763 | INFO | watchfiles.main | 1 change detected
2026-08-06 22:40:44,169 | INFO | watchfiles.main | 1 change detected
2026-08-06 22:40:44,576 | INFO | watchfiles.main | 1 change detected
2026-08-06 22:40:44,979 | INFO | watchfiles.main | 1 change detected
2026-08-06 22:40:45,387 | INFO | watchfiles.main | 1 change detected
2026-08-06 22:40:45,792 | INFO | watchfiles.main | 1 change detected
2026-08-06 22:40:46,197 | INFO | watchfiles.main | 1 change detected
2026-08-06 22:40:46,603 | INFO | watchfiles.main | 1 change detected
2026-08-06 22:40:47,007 | INFO | watchfiles.main | 1 change detected
2026-08-06 22:40:47,413 | INFO | watchfiles.main | 1 change detected
2026-08-06 22:40:47,820 | INFO | watchfiles.main | 1 change detected
2026-08-06 22:40:48,227 | INFO | watchfiles.main | 1 change detected
2026-08-06 22:40:48,632 | INFO | watchfiles.main | 1 change detected
2026-08-06 22:40:49,038 | INFO | watchfiles.main | 1 change detected
2026-08-06 22:40:49,445 | INFO | watchfiles.main | 1 change detected
2026-08-06 22:40:49,852 | INFO | watchfiles.main | 1 change detected
2026-08-06 22:40:50,258 | INFO | watchfiles.main | 1 change detected
2026-08-06 22:40:50,664 | INFO | watchfiles.main | 1 change detected
2026-08-06 22:40:51,069 | INFO | watchfiles.main | 1 change detected
2026-08-06 22:40:51,475 | INFO | watchfiles.main | 1 change detected
2026-08-06 22:40:51,881 | INFO | watchfiles.main | 1 change detected
2026-08-06 22:40:52,287 | INFO | watchfiles.main | 1 change detected
2026-08-06 22:40:52,693 | INFO | watchfiles.main | 1 change detected
2026-08-06 22:40:53,098 | INFO | watchfiles.main | 1 change detected
2026-08-06 22:40:53,505 | INFO | watchfiles.main | 1 change detected
2026-08-06 22:40:53,910 | INFO | watchfiles.main | 1 change detected
2026-08-06 22:40:54,315 | INFO | watchfiles.main | 1 change detected
2026-08-06 22:40:54,724 | INFO | watchfiles.main | 1 change detected
2026-08-06 22:40:55,131 | INFO | watchfiles.main | 1 change detected
2026-08-06 22:40:55,537 | INFO | watchfiles.main | 1 change detected
2026-08-06 22:40:55,940 | INFO | watchfiles.main | 1 change detected
2026-08-06 22:40:56,398 | INFO | watchfiles.main | 1 change detected
2026-08-06 22:40:56,764 | INFO | watchfiles.main | 1 change detected
2026-08-06 22:40:57,176 | INFO | watchfiles.main | 1 change detected
2026-08-06 22:40:57,585 | INFO | watchfiles.main | 1 change detected
2026-08-06 22:40:57,991 | INFO | watchfiles.main | 1 change detected
2026-08-06 22:40:58,398 | INFO | watchfiles.main | 1 change detected
2026-08-06 22:40:58,804 | INFO | watchfiles.main | 1 change detected
2026-08-06 22:40:59,212 | INFO | watchfiles.main | 1 change detected
2026-08-06 22:40:59,616 | INFO | watchfiles.main | 1 change detected
2026-08-06 22:41:00,023 | INFO | watchfiles.main | 1 change detected
2026-08-06 22:41:00,429 | INFO | watchfiles.main | 1 change detected
2026-08-06 22:41:00,835 | INFO | watchfiles.main | 1 change detected
2026-08-06 22:41:01,241 | INFO | watchfiles.main | 1 change detected
2026-08-06 22:41:01,648 | INFO | watchfiles.main | 1 change detected
2026-08-06 22:41:02,053 | INFO | watchfiles.main | 1 change detected
2026-08-06 22:41:02,512 | INFO | watchfiles.main | 1 change detected
2026-08-06 22:41:02,915 | INFO | watchfiles.main | 1 change detected
2026-08-06 22:41:03,320 | INFO | watchfiles.main | 1 change detected
2026-08-06 22:41:03,727 | INFO | watchfiles.main | 1 change detected
2026-08-06 22:41:04,086 | INFO | watchfiles.main | 1 change detected
2026-08-06 22:41:04,487 | INFO | watchfiles.main | 1 change detected
2026-08-06 22:41:04,898 | INFO | watchfiles.main | 1 change detected
2026-08-06 22:41:05,310 | INFO | watchfiles.main | 1 change detected
2026-08-06 22:41:05,672 | INFO | watchfiles.main | 1 change detected
2026-08-06 22:41:06,131 | INFO | watchfiles.main | 1 change detected
2026-08-06 22:41:06,561 | INFO | watchfiles.main | 1 change detected
2026-08-06 22:41:06,965 | INFO | watchfiles.main | 1 change detected
2026-08-06 22:41:07,372 | INFO | watchfiles.main | 1 change detected
2026-08-06 22:41:07,784 | INFO | watchfiles.main | 1 change detected
2026-08-06 22:41:08,156 | INFO | watchfiles.main | 1 change detected
2026-08-06 22:41:08,568 | INFO | watchfiles.main | 1 change detected
2026-08-06 22:41:09,014 | INFO | watchfiles.main | 1 change detected
2026-08-06 22:41:09,450 | INFO | watchfiles.main | 1 change detected
2026-08-06 22:41:09,816 | INFO | watchfiles.main | 1 change detected
2026-08-06 22:41:10,230 | INFO | watchfiles.main | 1 change detected
2026-08-06 22:41:10,590 | INFO | watchfiles.main | 1 change detected
2026-08-06 22:41:11,005 | INFO | watchfiles.main | 1 change detected
2026-08-06 22:41:11,417 | INFO | watchfiles.main | 1 change detected
2026-08-06 22:41:11,780 | INFO | watchfiles.main | 1 change detected
2026-08-06 22:41:12,216 | INFO | watchfiles.main | 1 change detected
2026-08-06 22:41:12,676 | INFO | watchfiles.main | 1 change detected
2026-08-06 22:41:13,034 | INFO | watchfiles.main | 1 change detected
2026-08-06 22:41:13,448 | INFO | watchfiles.main | 1 change detected
2026-08-06 22:41:13,866 | INFO | watchfiles.main | 1 change detected
2026-08-06 22:41:14,280 | INFO | watchfiles.main | 1 change detected
2026-08-06 22:41:14,688 | INFO | watchfiles.main | 1 change detected
2026-08-06 22:41:15,100 | INFO | watchfiles.main | 1 change detected
2026-08-06 22:41:15,462 | INFO | watchfiles.main | 1 change detected
2026-08-06 22:41:15,899 | INFO | watchfiles.main | 1 change detected
2026-08-06 22:41:16,304 | INFO | watchfiles.main | 1 change detected
2026-08-06 22:41:16,717 | INFO | watchfiles.main | 1 change detected
2026-08-06 22:41:17,127 | INFO | watchfiles.main | 1 change detected
2026-08-06 22:41:17,486 | INFO | watchfiles.main | 1 change detected
2026-08-06 22:41:17,898 | INFO | watchfiles.main | 1 change detected
2026-08-06 22:41:18,310 | INFO | watchfiles.main | 1 change detected
2026-08-06 22:41:18,723 | INFO | watchfiles.main | 1 change detected
2026-08-06 22:41:19,086 | INFO | watchfiles.main | 1 change detected
2026-08-06 22:41:19,550 | INFO | watchfiles.main | 1 change detected
2026-08-06 22:41:19,936 | INFO | watchfiles.main | 1 change detected
2026-08-06 22:41:20,350 | INFO | watchfiles.main | 1 change detected
2026-08-06 22:41:20,763 | INFO | watchfiles.main | 1 change detected
2026-08-06 22:41:21,126 | INFO | watchfiles.main | 1 change detected
2026-08-06 22:41:21,536 | INFO | watchfiles.main | 1 change detected
2026-08-06 22:41:21,944 | INFO | watchfiles.main | 1 change detected
2026-08-06 22:41:22,348 | INFO | watchfiles.main | 1 change detected
2026-08-06 22:41:22,753 | INFO | watchfiles.main | 1 change detected
2026-08-06 22:41:23,159 | INFO | watchfiles.main | 1 change detected
2026-08-06 22:41:23,565 | INFO | watchfiles.main | 1 change detected
2026-08-06 22:41:23,976 | INFO | watchfiles.main | 1 change detected
2026-08-06 22:41:24,384 | INFO | watchfiles.main | 1 change detected
2026-08-06 22:41:24,790 | INFO | watchfiles.main | 1 change detected
2026-08-06 22:41:25,198 | INFO | watchfiles.main | 1 change detected
2026-08-06 22:41:25,654 | INFO | watchfiles.main | 1 change detected
2026-08-06 22:41:26,058 | INFO | watchfiles.main | 1 change detected
2026-08-06 22:41:26,463 | INFO | watchfiles.main | 1 change detected
2026-08-06 22:41:26,872 | INFO | watchfiles.main | 1 change detected
2026-08-06 22:41:27,280 | INFO | watchfiles.main | 1 change detected
2026-08-06 22:41:27,686 | INFO | watchfiles.main | 1 change detected
2026-08-06 22:41:28,093 | INFO | watchfiles.main | 1 change detected
2026-08-06 22:41:28,501 | INFO | watchfiles.main | 1 change detected
2026-08-06 22:41:28,905 | INFO | watchfiles.main | 1 change detected
2026-08-06 22:41:29,311 | INFO | watchfiles.main | 1 change detected
2026-08-06 22:41:29,717 | INFO | watchfiles.main | 1 change detected
2026-08-06 22:41:30,124 | INFO | watchfiles.main | 1 change detected
2026-08-06 22:41:30,529 | INFO | watchfiles.main | 1 change detected
2026-08-06 22:41:30,947 | INFO | watchfiles.main | 1 change detected
2026-08-06 22:41:31,360 | INFO | watchfiles.main | 1 change detected
2026-08-06 22:41:31,769 | INFO | watchfiles.main | 1 change detected
2026-08-06 22:41:32,177 | INFO | watchfiles.main | 1 change detected
2026-08-06 22:41:32,581 | INFO | watchfiles.main | 1 change detected
2026-08-06 22:41:32,998 | INFO | watchfiles.main | 1 change detected
2026-08-06 22:41:33,406 | INFO | watchfiles.main | 1 change detected
2026-08-06 22:41:33,810 | INFO | watchfiles.main | 1 change detected
2026-08-06 22:41:34,213 | INFO | watchfiles.main | 1 change detected
2026-08-06 22:41:34,619 | INFO | watchfiles.main | 1 change detected
2026-08-06 22:41:35,024 | INFO | watchfiles.main | 1 change detected
2026-08-06 22:41:35,429 | INFO | watchfiles.main | 1 change detected
2026-08-06 22:41:35,836 | INFO | watchfiles.main | 1 change detected
2026-08-06 22:41:36,242 | INFO | watchfiles.main | 1 change detected
2026-08-06 22:41:36,650 | INFO | watchfiles.main | 1 change detected
2026-08-06 22:41:37,055 | INFO | watchfiles.main | 1 change detected
2026-08-06 22:41:37,462 | INFO | watchfiles.main | 1 change detected
2026-08-06 22:41:37,869 | INFO | watchfiles.main | 1 change detected
2026-08-06 22:41:38,275 | INFO | watchfiles.main | 1 change detected
2026-08-06 22:41:38,681 | INFO | watchfiles.main | 1 change detected
2026-08-06 22:41:39,087 | INFO | watchfiles.main | 1 change detected
2026-08-06 22:41:39,492 | INFO | watchfiles.main | 1 change detected
2026-08-06 22:41:39,898 | INFO | watchfiles.main | 1 change detected
2026-08-06 22:41:40,303 | INFO | watchfiles.main | 1 change detected
2026-08-06 22:41:40,712 | INFO | watchfiles.main | 1 change detected
2026-08-06 22:41:41,119 | INFO | watchfiles.main | 1 change detected
2026-08-06 22:41:41,525 | INFO | watchfiles.main | 1 change detected
2026-08-06 22:41:41,931 | INFO | watchfiles.main | 1 change detected
2026-08-06 22:41:42,338 | INFO | watchfiles.main | 1 change detected
2026-08-06 22:41:42,745 | INFO | watchfiles.main | 1 change detected
2026-08-06 22:41:43,150 | INFO | watchfiles.main | 1 change detected
2026-08-06 22:41:43,557 | INFO | watchfiles.main | 1 change detected
2026-08-06 22:41:43,961 | INFO | watchfiles.main | 1 change detected
2026-08-06 22:41:44,367 | INFO | watchfiles.main | 1 change detected
2026-08-06 22:41:44,774 | INFO | watchfiles.main | 1 change detected
2026-08-06 22:41:45,180 | INFO | watchfiles.main | 1 change detected
2026-08-06 22:41:45,586 | INFO | watchfiles.main | 1 change detected
2026-08-06 22:41:45,990 | INFO | watchfiles.main | 1 change detected
2026-08-06 22:41:46,397 | INFO | watchfiles.main | 1 change detected
2026-08-06 22:41:46,802 | INFO | watchfiles.main | 1 change detected
2026-08-06 22:41:47,208 | INFO | watchfiles.main | 1 change detected
2026-08-06 22:41:47,612 | INFO | watchfiles.main | 1 change detected
2026-08-06 22:41:48,021 | INFO | watchfiles.main | 1 change detected
2026-08-06 22:41:48,428 | INFO | watchfiles.main | 1 change detected
2026-08-06 22:41:48,834 | INFO | watchfiles.main | 1 change detected
2026-08-06 22:41:49,240 | INFO | watchfiles.main | 1 change detected
2026-08-06 22:41:49,649 | INFO | watchfiles.main | 1 change detected
2026-08-06 22:41:50,008 | INFO | watchfiles.main | 1 change detected
2026-08-06 22:41:50,416 | INFO | watchfiles.main | 1 change detected
2026-08-06 22:41:50,823 | INFO | watchfiles.main | 1 change detected
2026-08-06 22:41:51,228 | INFO | watchfiles.main | 1 change detected
2026-08-06 22:41:51,633 | INFO | watchfiles.main | 1 change detected
2026-08-06 22:41:52,039 | INFO | watchfiles.main | 1 change detected
2026-08-06 22:41:52,442 | INFO | watchfiles.main | 1 change detected
2026-08-06 22:41:52,849 | INFO | watchfiles.main | 1 change detected
2026-08-06 22:41:53,258 | INFO | watchfiles.main | 1 change detected
2026-08-06 22:41:53,665 | INFO | watchfiles.main | 1 change detected
2026-08-06 22:41:54,074 | INFO | watchfiles.main | 1 change detected
2026-08-06 22:41:54,478 | INFO | watchfiles.main | 1 change detected
2026-08-06 22:41:54,884 | INFO | watchfiles.main | 1 change detected
2026-08-06 22:41:55,291 | INFO | watchfiles.main | 1 change detected
2026-08-06 22:41:55,698 | INFO | watchfiles.main | 1 change detected
2026-08-06 22:41:56,104 | INFO | watchfiles.main | 1 change detected
2026-08-06 22:41:56,507 | INFO | watchfiles.main | 1 change detected
2026-08-06 22:41:56,910 | INFO | watchfiles.main | 1 change detected
2026-08-06 22:41:57,315 | INFO | watchfiles.main | 1 change detected
2026-08-06 22:41:57,724 | INFO | watchfiles.main | 1 change detected
2026-08-06 22:41:58,128 | INFO | watchfiles.main | 1 change detected
2026-08-06 22:41:58,536 | INFO | watchfiles.main | 1 change detected
2026-08-06 22:41:58,943 | INFO | watchfiles.main | 1 change detected
2026-08-06 22:41:59,349 | INFO | watchfiles.main | 1 change detected
2026-08-06 22:41:59,756 | INFO | watchfiles.main | 1 change detected
2026-08-06 22:42:00,165 | INFO | watchfiles.main | 1 change detected
2026-08-06 22:42:00,572 | INFO | watchfiles.main | 1 change detected
2026-08-06 22:42:00,979 | INFO | watchfiles.main | 1 change detected
2026-08-06 22:42:01,386 | INFO | watchfiles.main | 1 change detected
2026-08-06 22:42:01,790 | INFO | watchfiles.main | 1 change detected
2026-08-06 22:42:02,197 | INFO | watchfiles.main | 1 change detected
2026-08-06 22:42:02,604 | INFO | watchfiles.main | 1 change detected
2026-08-06 22:42:03,008 | INFO | watchfiles.main | 1 change detected
2026-08-06 22:42:03,416 | INFO | watchfiles.main | 1 change detected
2026-08-06 22:42:03,824 | INFO | watchfiles.main | 1 change detected
2026-08-06 22:42:04,232 | INFO | watchfiles.main | 1 change detected
2026-08-06 22:42:04,636 | INFO | watchfiles.main | 1 change detected
2026-08-06 22:42:05,044 | INFO | watchfiles.main | 1 change detected
2026-08-06 22:42:05,450 | INFO | watchfiles.main | 1 change detected
2026-08-06 22:42:05,857 | INFO | watchfiles.main | 1 change detected
2026-08-06 22:42:06,266 | INFO | watchfiles.main | 1 change detected
2026-08-06 22:42:06,671 | INFO | watchfiles.main | 1 change detected
2026-08-06 22:42:07,075 | INFO | watchfiles.main | 1 change detected
2026-08-06 22:42:07,482 | INFO | watchfiles.main | 1 change detected
2026-08-06 22:42:07,887 | INFO | watchfiles.main | 1 change detected
2026-08-06 22:42:08,293 | INFO | watchfiles.main | 1 change detected
2026-08-06 22:42:08,698 | INFO | watchfiles.main | 1 change detected
2026-08-06 22:42:09,104 | INFO | watchfiles.main | 1 change detected
2026-08-06 22:42:09,510 | INFO | watchfiles.main | 1 change detected
2026-08-06 22:42:09,916 | INFO | watchfiles.main | 1 change detected
2026-08-06 22:42:10,321 | INFO | watchfiles.main | 1 change detected
2026-08-06 22:42:10,730 | INFO | watchfiles.main | 1 change detected
2026-08-06 22:42:11,134 | INFO | watchfiles.main | 1 change detected
2026-08-06 22:42:11,539 | INFO | watchfiles.main | 1 change detected
2026-08-06 22:42:11,944 | INFO | watchfiles.main | 1 change detected
2026-08-06 22:42:12,350 | INFO | watchfiles.main | 1 change detected
2026-08-06 22:42:12,757 | INFO | watchfiles.main | 1 change detected
2026-08-06 22:42:13,162 | INFO | watchfiles.main | 1 change detected
2026-08-06 22:42:13,568 | INFO | watchfiles.main | 1 change detected
2026-08-06 22:42:13,973 | INFO | watchfiles.main | 1 change detected
2026-08-06 22:42:14,380 | INFO | watchfiles.main | 1 change detected
2026-08-06 22:42:14,785 | INFO | watchfiles.main | 1 change detected
2026-08-06 22:42:15,192 | INFO | watchfiles.main | 1 change detected
2026-08-06 22:42:15,597 | INFO | watchfiles.main | 1 change detected
2026-08-06 22:42:16,002 | INFO | watchfiles.main | 1 change detected
2026-08-06 22:42:16,409 | INFO | watchfiles.main | 1 change detected
2026-08-06 22:42:16,815 | INFO | watchfiles.main | 1 change detected
2026-08-06 22:42:17,222 | INFO | watchfiles.main | 1 change detected
2026-08-06 22:42:17,630 | INFO | watchfiles.main | 1 change detected
2026-08-06 22:42:18,036 | INFO | watchfiles.main | 1 change detected
2026-08-06 22:42:18,441 | INFO | watchfiles.main | 1 change detected
2026-08-06 22:42:18,845 | INFO | watchfiles.main | 1 change detected
2026-08-06 22:42:19,251 | INFO | watchfiles.main | 1 change detected
2026-08-06 22:42:19,660 | INFO | watchfiles.main | 1 change detected
2026-08-06 22:42:20,066 | INFO | watchfiles.main | 1 change detected
2026-08-06 22:42:20,472 | INFO | watchfiles.main | 1 change detected
2026-08-06 22:42:20,889 | INFO | watchfiles.main | 1 change detected
2026-08-06 22:42:21,295 | INFO | watchfiles.main | 1 change detected
2026-08-06 22:42:21,700 | INFO | watchfiles.main | 1 change detected
2026-08-06 22:42:22,108 | INFO | watchfiles.main | 1 change detected
2026-08-06 22:42:22,514 | INFO | watchfiles.main | 1 change detected
2026-08-06 22:42:22,920 | INFO | watchfiles.main | 1 change detected
2026-08-06 22:42:23,327 | INFO | watchfiles.main | 1 change detected
2026-08-06 22:42:23,732 | INFO | watchfiles.main | 1 change detected
2026-08-06 22:42:24,138 | INFO | watchfiles.main | 1 change detected
2026-08-06 22:42:24,542 | INFO | watchfiles.main | 1 change detected
2026-08-06 22:42:24,948 | INFO | watchfiles.main | 1 change detected
2026-08-06 22:42:25,357 | INFO | watchfiles.main | 1 change detected
2026-08-06 22:42:25,765 | INFO | watchfiles.main | 1 change detected
2026-08-06 22:42:26,171 | INFO | watchfiles.main | 1 change detected
2026-08-06 22:42:26,577 | INFO | watchfiles.main | 1 change detected
2026-08-06 22:42:26,981 | INFO | watchfiles.main | 1 change detected
2026-08-06 22:42:27,387 | INFO | watchfiles.main | 1 change detected
2026-08-06 22:42:27,796 | INFO | watchfiles.main | 1 change detected
2026-08-06 22:42:28,202 | INFO | watchfiles.main | 1 change detected
2026-08-06 22:42:28,607 | INFO | watchfiles.main | 1 change detected
2026-08-06 22:42:29,016 | INFO | watchfiles.main | 1 change detected
2026-08-06 22:42:29,423 | INFO | watchfiles.main | 1 change detected
2026-08-06 22:42:29,829 | INFO | watchfiles.main | 1 change detected
2026-08-06 22:42:30,234 | INFO | watchfiles.main | 1 change detected
2026-08-06 22:42:30,638 | INFO | watchfiles.main | 1 change detected
2026-08-06 22:42:31,047 | INFO | watchfiles.main | 1 change detected
2026-08-06 22:42:31,452 | INFO | watchfiles.main | 1 change detected
2026-08-06 22:42:31,858 | INFO | watchfiles.main | 1 change detected
2026-08-06 22:42:32,261 | INFO | watchfiles.main | 1 change detected
2026-08-06 22:42:32,670 | INFO | watchfiles.main | 1 change detected
2026-08-06 22:42:33,075 | INFO | watchfiles.main | 1 change detected
2026-08-06 22:42:33,480 | INFO | watchfiles.main | 1 change detected
2026-08-06 22:42:33,884 | INFO | watchfiles.main | 1 change detected
2026-08-06 22:42:34,293 | INFO | watchfiles.main | 1 change detected
2026-08-06 22:42:34,750 | INFO | watchfiles.main | 1 change detected
2026-08-06 22:42:35,116 | INFO | watchfiles.main | 1 change detected
2026-08-06 22:42:35,524 | INFO | watchfiles.main | 1 change detected
2026-08-06 22:42:35,932 | INFO | watchfiles.main | 1 change detected
2026-08-06 22:42:36,339 | INFO | watchfiles.main | 1 change detected
2026-08-06 22:42:36,742 | INFO | watchfiles.main | 1 change detected
2026-08-06 22:42:37,148 | INFO | watchfiles.main | 1 change detected
2026-08-06 22:42:37,552 | INFO | watchfiles.main | 1 change detected
2026-08-06 22:42:37,958 | INFO | watchfiles.main | 1 change detected
2026-08-06 22:42:38,364 | INFO | watchfiles.main | 1 change detected
2026-08-06 22:42:38,768 | INFO | watchfiles.main | 1 change detected
2026-08-06 22:42:39,173 | INFO | watchfiles.main | 1 change detected
2026-08-06 22:42:39,579 | INFO | watchfiles.main | 1 change detected
2026-08-06 22:42:39,983 | INFO | watchfiles.main | 1 change detected
2026-08-06 22:42:40,388 | INFO | watchfiles.main | 1 change detected
2026-08-06 22:42:40,795 | INFO | watchfiles.main | 1 change detected
2026-08-06 22:42:41,201 | INFO | watchfiles.main | 1 change detected
2026-08-06 22:42:41,607 | INFO | watchfiles.main | 1 change detected
2026-08-06 22:42:42,012 | INFO | watchfiles.main | 1 change detected
2026-08-06 22:42:42,419 | INFO | watchfiles.main | 1 change detected
2026-08-06 22:42:42,822 | INFO | watchfiles.main | 1 change detected
2026-08-06 22:42:43,228 | INFO | watchfiles.main | 1 change detected
2026-08-06 22:42:43,634 | INFO | watchfiles.main | 1 change detected
2026-08-06 22:42:44,040 | INFO | watchfiles.main | 1 change detected
2026-08-06 22:42:44,446 | INFO | watchfiles.main | 1 change detected
2026-08-06 22:42:44,854 | INFO | watchfiles.main | 1 change detected
2026-08-06 22:42:45,260 | INFO | watchfiles.main | 1 change detected
2026-08-06 22:42:45,668 | INFO | watchfiles.main | 1 change detected
2026-08-06 22:42:46,074 | INFO | watchfiles.main | 1 change detected
2026-08-06 22:42:46,479 | INFO | watchfiles.main | 1 change detected
2026-08-06 22:42:46,889 | INFO | watchfiles.main | 1 change detected
2026-08-06 22:42:47,294 | INFO | watchfiles.main | 1 change detected
2026-08-06 22:42:47,699 | INFO | watchfiles.main | 1 change detected
2026-08-06 22:42:48,109 | INFO | watchfiles.main | 1 change detected
2026-08-06 22:42:48,515 | INFO | watchfiles.main | 1 change detected
2026-08-06 22:42:48,922 | INFO | watchfiles.main | 1 change detected
2026-08-06 22:42:49,327 | INFO | watchfiles.main | 1 change detected
2026-08-06 22:42:49,735 | INFO | watchfiles.main | 1 change detected
2026-08-06 22:42:50,142 | INFO | watchfiles.main | 1 change detected
2026-08-06 22:42:50,546 | INFO | watchfiles.main | 1 change detected
2026-08-06 22:42:50,956 | INFO | watchfiles.main | 1 change detected
2026-08-06 22:42:51,365 | INFO | watchfiles.main | 1 change detected
2026-08-06 22:42:51,770 | INFO | watchfiles.main | 1 change detected
2026-08-06 22:42:52,179 | INFO | watchfiles.main | 1 change detected
2026-08-06 22:42:52,586 | INFO | watchfiles.main | 1 change detected
2026-08-06 22:42:52,994 | INFO | watchfiles.main | 1 change detected
2026-08-06 22:42:53,398 | INFO | watchfiles.main | 1 change detected
2026-08-06 22:42:53,806 | INFO | watchfiles.main | 1 change detected
2026-08-06 22:42:54,212 | INFO | watchfiles.main | 1 change detected
2026-08-06 22:42:54,619 | INFO | watchfiles.main | 1 change detected
2026-08-06 22:42:55,028 | INFO | watchfiles.main | 1 change detected
2026-08-06 22:42:55,436 | INFO | watchfiles.main | 1 change detected
2026-08-06 22:42:55,843 | INFO | watchfiles.main | 1 change detected
2026-08-06 22:42:56,251 | INFO | watchfiles.main | 1 change detected
2026-08-06 22:42:56,657 | INFO | watchfiles.main | 1 change detected
2026-08-06 22:42:57,064 | INFO | watchfiles.main | 1 change detected
2026-08-06 22:42:57,467 | INFO | watchfiles.main | 1 change detected
2026-08-06 22:42:57,873 | INFO | watchfiles.main | 1 change detected
2026-08-06 22:42:58,279 | INFO | watchfiles.main | 1 change detected
2026-08-06 22:42:58,684 | INFO | watchfiles.main | 1 change detected
2026-08-06 22:42:59,089 | INFO | watchfiles.main | 1 change detected
2026-08-06 22:42:59,494 | INFO | watchfiles.main | 1 change detected
2026-08-06 22:42:59,898 | INFO | watchfiles.main | 1 change detected
2026-08-06 22:43:00,306 | INFO | watchfiles.main | 1 change detected
2026-08-06 22:43:00,711 | INFO | watchfiles.main | 1 change detected
2026-08-06 22:43:01,116 | INFO | watchfiles.main | 1 change detected
2026-08-06 22:43:01,521 | INFO | watchfiles.main | 1 change detected
2026-08-06 22:43:01,926 | INFO | watchfiles.main | 1 change detected
2026-08-06 22:43:02,331 | INFO | watchfiles.main | 1 change detected
2026-08-06 22:43:02,735 | INFO | watchfiles.main | 1 change detected
2026-08-06 22:43:03,139 | INFO | watchfiles.main | 1 change detected
2026-08-06 22:43:03,546 | INFO | watchfiles.main | 1 change detected
2026-08-06 22:43:03,952 | INFO | watchfiles.main | 1 change detected
2026-08-06 22:43:04,356 | INFO | watchfiles.main | 1 change detected
2026-08-06 22:43:04,764 | INFO | watchfiles.main | 1 change detected
2026-08-06 22:43:05,168 | INFO | watchfiles.main | 1 change detected
2026-08-06 22:43:05,574 | INFO | watchfiles.main | 1 change detected
2026-08-06 22:43:05,932 | INFO | watchfiles.main | 1 change detected
2026-08-06 22:43:06,344 | INFO | watchfiles.main | 1 change detected
2026-08-06 22:43:06,751 | INFO | watchfiles.main | 1 change detected
2026-08-06 22:43:07,154 | INFO | watchfiles.main | 1 change detected
2026-08-06 22:43:07,562 | INFO | watchfiles.main | 1 change detected
2026-08-06 22:43:07,970 | INFO | watchfiles.main | 1 change detected
2026-08-06 22:43:08,376 | INFO | watchfiles.main | 1 change detected
2026-08-06 22:43:08,787 | INFO | watchfiles.main | 1 change detected
2026-08-06 22:43:09,194 | INFO | watchfiles.main | 1 change detected
2026-08-06 22:43:09,603 | INFO | watchfiles.main | 1 change detected
2026-08-06 22:43:10,011 | INFO | watchfiles.main | 1 change detected
2026-08-06 22:43:10,418 | INFO | watchfiles.main | 1 change detected
2026-08-06 22:43:10,824 | INFO | watchfiles.main | 1 change detected
2026-08-06 22:43:11,234 | INFO | watchfiles.main | 1 change detected
2026-08-06 22:43:11,642 | INFO | watchfiles.main | 1 change detected
2026-08-06 22:43:12,049 | INFO | watchfiles.main | 1 change detected
2026-08-06 22:43:12,453 | INFO | watchfiles.main | 1 change detected
2026-08-06 22:43:12,860 | INFO | watchfiles.main | 1 change detected
2026-08-06 22:43:13,265 | INFO | watchfiles.main | 1 change detected
2026-08-06 22:43:13,674 | INFO | watchfiles.main | 1 change detected
2026-08-06 22:43:14,081 | INFO | watchfiles.main | 1 change detected
2026-08-06 22:43:14,488 | INFO | watchfiles.main | 1 change detected
2026-08-06 22:43:14,894 | INFO | watchfiles.main | 1 change detected
2026-08-06 22:43:15,303 | INFO | watchfiles.main | 1 change detected
2026-08-06 22:43:15,709 | INFO | watchfiles.main | 1 change detected
2026-08-06 22:43:16,113 | INFO | watchfiles.main | 1 change detected
2026-08-06 22:43:16,519 | INFO | watchfiles.main | 1 change detected
2026-08-06 22:43:16,921 | INFO | watchfiles.main | 1 change detected
2026-08-06 22:43:17,327 | INFO | watchfiles.main | 1 change detected
2026-08-06 22:43:17,733 | INFO | watchfiles.main | 1 change detected
2026-08-06 22:43:18,139 | INFO | watchfiles.main | 1 change detected
2026-08-06 22:43:18,544 | INFO | watchfiles.main | 1 change detected
2026-08-06 22:43:18,954 | INFO | watchfiles.main | 1 change detected
2026-08-06 22:43:19,359 | INFO | watchfiles.main | 1 change detected
2026-08-06 22:43:19,767 | INFO | watchfiles.main | 1 change detected
2026-08-06 22:43:20,171 | INFO | watchfiles.main | 1 change detected
2026-08-06 22:43:20,578 | INFO | watchfiles.main | 1 change detected
2026-08-06 22:43:20,987 | INFO | watchfiles.main | 1 change detected
2026-08-06 22:43:21,394 | INFO | watchfiles.main | 1 change detected
2026-08-06 22:43:21,799 | INFO | watchfiles.main | 1 change detected
2026-08-06 22:43:22,204 | INFO | watchfiles.main | 1 change detected
2026-08-06 22:43:22,610 | INFO | watchfiles.main | 1 change detected
2026-08-06 22:43:23,014 | INFO | watchfiles.main | 1 change detected
2026-08-06 22:43:23,420 | INFO | watchfiles.main | 1 change detected
2026-08-06 22:43:23,826 | INFO | watchfiles.main | 1 change detected
2026-08-06 22:43:24,234 | INFO | watchfiles.main | 1 change detected
2026-08-06 22:43:24,639 | INFO | watchfiles.main | 1 change detected
2026-08-06 22:43:25,044 | INFO | watchfiles.main | 1 change detected
2026-08-06 22:43:25,447 | INFO | watchfiles.main | 1 change detected
2026-08-06 22:43:25,855 | INFO | watchfiles.main | 1 change detected
2026-08-06 22:43:26,262 | INFO | watchfiles.main | 1 change detected
2026-08-06 22:43:26,668 | INFO | watchfiles.main | 1 change detected
2026-08-06 22:43:27,074 | INFO | watchfiles.main | 1 change detected
2026-08-06 22:43:27,482 | INFO | watchfiles.main | 1 change detected
2026-08-06 22:43:27,890 | INFO | watchfiles.main | 1 change detected
2026-08-06 22:43:28,294 | INFO | watchfiles.main | 1 change detected
2026-08-06 22:43:28,700 | INFO | watchfiles.main | 1 change detected
2026-08-06 22:43:29,105 | INFO | watchfiles.main | 1 change detected
2026-08-06 22:43:29,512 | INFO | watchfiles.main | 1 change detected
2026-08-06 22:43:29,921 | INFO | watchfiles.main | 1 change detected
2026-08-06 22:43:30,329 | INFO | watchfiles.main | 1 change detected
2026-08-06 22:43:30,733 | INFO | watchfiles.main | 1 change detected
2026-08-06 22:43:31,138 | INFO | watchfiles.main | 1 change detected
2026-08-06 22:43:31,543 | INFO | watchfiles.main | 1 change detected
2026-08-06 22:43:31,948 | INFO | watchfiles.main | 1 change detected
2026-08-06 22:43:32,356 | INFO | watchfiles.main | 1 change detected
2026-08-06 22:43:32,764 | INFO | watchfiles.main | 1 change detected
2026-08-06 22:43:33,168 | INFO | watchfiles.main | 1 change detected
2026-08-06 22:43:33,526 | INFO | watchfiles.main | 1 change detected
2026-08-06 22:43:33,971 | INFO | watchfiles.main | 1 change detected
2026-08-06 22:43:34,346 | INFO | watchfiles.main | 1 change detected
2026-08-06 22:43:34,753 | INFO | watchfiles.main | 1 change detected
2026-08-06 22:43:35,167 | INFO | watchfiles.main | 1 change detected
2026-08-06 22:43:35,644 | INFO | watchfiles.main | 1 change detected
2026-08-06 22:43:36,059 | INFO | watchfiles.main | 1 change detected
2026-08-06 22:43:36,472 | INFO | watchfiles.main | 1 change detected
2026-08-06 22:43:36,834 | INFO | watchfiles.main | 1 change detected
2026-08-06 22:43:37,243 | INFO | watchfiles.main | 1 change detected
2026-08-06 22:43:37,647 | INFO | watchfiles.main | 1 change detected
2026-08-06 22:43:38,052 | INFO | watchfiles.main | 1 change detected
2026-08-06 22:43:38,462 | INFO | watchfiles.main | 1 change detected
2026-08-06 22:43:38,868 | INFO | watchfiles.main | 1 change detected
2026-08-06 22:43:39,278 | INFO | watchfiles.main | 1 change detected
2026-08-06 22:43:39,685 | INFO | watchfiles.main | 1 change detected
2026-08-06 22:43:40,091 | INFO | watchfiles.main | 1 change detected
2026-08-06 22:43:40,500 | INFO | watchfiles.main | 1 change detected
2026-08-06 22:43:40,908 | INFO | watchfiles.main | 1 change detected
2026-08-06 22:43:41,314 | INFO | watchfiles.main | 1 change detected
2026-08-06 22:43:41,717 | INFO | watchfiles.main | 1 change detected
2026-08-06 22:43:42,121 | INFO | watchfiles.main | 1 change detected
2026-08-06 22:43:42,528 | INFO | watchfiles.main | 1 change detected
2026-08-06 22:43:42,934 | INFO | watchfiles.main | 1 change detected
2026-08-06 22:43:43,339 | INFO | watchfiles.main | 1 change detected
2026-08-06 22:43:43,801 | INFO | watchfiles.main | 1 change detected
2026-08-06 22:43:44,174 | INFO | watchfiles.main | 1 change detected
2026-08-06 22:43:44,588 | INFO | watchfiles.main | 1 change detected
2026-08-06 22:43:44,949 | INFO | watchfiles.main | 1 change detected
2026-08-06 22:43:45,360 | INFO | watchfiles.main | 1 change detected
2026-08-06 22:43:45,821 | INFO | watchfiles.main | 1 change detected
2026-08-06 22:43:46,331 | INFO | watchfiles.main | 1 change detected
2026-08-06 22:43:46,767 | INFO | watchfiles.main | 1 change detected
2026-08-06 22:43:47,131 | INFO | watchfiles.main | 1 change detected
2026-08-06 22:43:47,544 | INFO | watchfiles.main | 1 change detected
2026-08-06 22:43:47,948 | INFO | watchfiles.main | 1 change detected
2026-08-06 22:43:48,354 | INFO | watchfiles.main | 1 change detected
2026-08-06 22:43:48,766 | INFO | watchfiles.main | 1 change detected
2026-08-06 22:43:49,128 | INFO | watchfiles.main | 1 change detected
2026-08-06 22:43:49,558 | INFO | watchfiles.main | 1 change detected
2026-08-06 22:43:49,923 | INFO | watchfiles.main | 1 change detected
2026-08-06 22:43:50,363 | INFO | watchfiles.main | 1 change detected
2026-08-06 22:43:50,847 | INFO | watchfiles.main | 1 change detected
2026-08-06 22:43:51,250 | INFO | watchfiles.main | 1 change detected
2026-08-06 22:43:51,612 | INFO | watchfiles.main | 1 change detected
2026-08-06 22:43:52,026 | INFO | watchfiles.main | 1 change detected
2026-08-06 22:43:52,439 | INFO | watchfiles.main | 1 change detected
2026-08-06 22:43:52,801 | INFO | watchfiles.main | 1 change detected
2026-08-06 22:43:53,216 | INFO | watchfiles.main | 1 change detected
2026-08-06 22:43:53,628 | INFO | watchfiles.main | 1 change detected
2026-08-06 22:43:54,066 | INFO | watchfiles.main | 1 change detected
2026-08-06 22:43:54,511 | INFO | watchfiles.main | 1 change detected
2026-08-06 22:43:54,870 | INFO | watchfiles.main | 1 change detected
2026-08-06 22:43:55,277 | INFO | watchfiles.main | 1 change detected
2026-08-06 22:43:55,688 | INFO | watchfiles.main | 1 change detected
2026-08-06 22:43:56,101 | INFO | watchfiles.main | 1 change detected
2026-08-06 22:43:56,509 | INFO | watchfiles.main | 1 change detected
2026-08-06 22:43:56,919 | INFO | watchfiles.main | 1 change detected
2026-08-06 22:43:57,325 | INFO | watchfiles.main | 1 change detected
2026-08-06 22:43:57,731 | INFO | watchfiles.main | 1 change detected
2026-08-06 22:43:58,139 | INFO | watchfiles.main | 1 change detected
2026-08-06 22:43:58,543 | INFO | watchfiles.main | 1 change detected
2026-08-06 22:43:58,950 | INFO | watchfiles.main | 1 change detected
2026-08-06 22:43:59,356 | INFO | watchfiles.main | 1 change detected
2026-08-06 22:43:59,763 | INFO | watchfiles.main | 1 change detected
2026-08-06 22:44:00,170 | INFO | watchfiles.main | 1 change detected
2026-08-06 22:44:00,575 | INFO | watchfiles.main | 1 change detected
2026-08-06 22:44:00,982 | INFO | watchfiles.main | 1 change detected
2026-08-06 22:44:01,391 | INFO | watchfiles.main | 1 change detected
2026-08-06 22:44:01,794 | INFO | watchfiles.main | 1 change detected
2026-08-06 22:44:02,201 | INFO | watchfiles.main | 1 change detected
2026-08-06 22:44:02,608 | INFO | watchfiles.main | 1 change detected
2026-08-06 22:44:03,015 | INFO | watchfiles.main | 1 change detected
2026-08-06 22:44:03,423 | INFO | watchfiles.main | 1 change detected
2026-08-06 22:44:03,830 | INFO | watchfiles.main | 1 change detected
2026-08-06 22:44:04,235 | INFO | watchfiles.main | 1 change detected
2026-08-06 22:44:04,639 | INFO | watchfiles.main | 1 change detected
2026-08-06 22:44:05,046 | INFO | watchfiles.main | 1 change detected
2026-08-06 22:44:05,451 | INFO | watchfiles.main | 1 change detected
2026-08-06 22:44:05,857 | INFO | watchfiles.main | 1 change detected
2026-08-06 22:44:06,261 | INFO | watchfiles.main | 1 change detected
2026-08-06 22:44:06,669 | INFO | watchfiles.main | 1 change detected
2026-08-06 22:44:07,076 | INFO | watchfiles.main | 1 change detected
2026-08-06 22:44:07,483 | INFO | watchfiles.main | 1 change detected
2026-08-06 22:44:07,886 | INFO | watchfiles.main | 1 change detected
2026-08-06 22:44:08,293 | INFO | watchfiles.main | 1 change detected
2026-08-06 22:44:08,702 | INFO | watchfiles.main | 1 change detected
2026-08-06 22:44:09,105 | INFO | watchfiles.main | 1 change detected
2026-08-06 22:44:09,512 | INFO | watchfiles.main | 1 change detected
2026-08-06 22:44:09,916 | INFO | watchfiles.main | 1 change detected
2026-08-06 22:44:10,323 | INFO | watchfiles.main | 1 change detected
2026-08-06 22:44:10,729 | INFO | watchfiles.main | 1 change detected
2026-08-06 22:44:11,134 | INFO | watchfiles.main | 1 change detected
2026-08-06 22:44:11,540 | INFO | watchfiles.main | 1 change detected
2026-08-06 22:44:11,945 | INFO | watchfiles.main | 1 change detected
2026-08-06 22:44:12,349 | INFO | watchfiles.main | 1 change detected
2026-08-06 22:44:12,755 | INFO | watchfiles.main | 1 change detected
2026-08-06 22:44:13,159 | INFO | watchfiles.main | 1 change detected
2026-08-06 22:44:13,564 | INFO | watchfiles.main | 1 change detected
2026-08-06 22:44:13,970 | INFO | watchfiles.main | 1 change detected
2026-08-06 22:44:14,373 | INFO | watchfiles.main | 1 change detected
2026-08-06 22:44:14,777 | INFO | watchfiles.main | 1 change detected
2026-08-06 22:44:15,181 | INFO | watchfiles.main | 1 change detected
2026-08-06 22:44:15,599 | INFO | watchfiles.main | 1 change detected
2026-08-06 22:44:16,006 | INFO | watchfiles.main | 1 change detected
2026-08-06 22:44:16,414 | INFO | watchfiles.main | 1 change detected
2026-08-06 22:44:16,818 | INFO | watchfiles.main | 1 change detected
2026-08-06 22:44:17,226 | INFO | watchfiles.main | 1 change detected
2026-08-06 22:44:17,634 | INFO | watchfiles.main | 1 change detected
2026-08-06 22:44:18,041 | INFO | watchfiles.main | 1 change detected
2026-08-06 22:44:18,447 | INFO | watchfiles.main | 1 change detected
2026-08-06 22:44:18,853 | INFO | watchfiles.main | 1 change detected
2026-08-06 22:44:19,261 | INFO | watchfiles.main | 1 change detected
2026-08-06 22:44:19,665 | INFO | watchfiles.main | 1 change detected
2026-08-06 22:44:20,074 | INFO | watchfiles.main | 1 change detected
2026-08-06 22:44:20,433 | INFO | watchfiles.main | 1 change detected
2026-08-06 22:44:20,840 | INFO | watchfiles.main | 1 change detected
2026-08-06 22:44:21,249 | INFO | watchfiles.main | 1 change detected
2026-08-06 22:44:21,656 | INFO | watchfiles.main | 1 change detected
2026-08-06 22:44:22,062 | INFO | watchfiles.main | 1 change detected
2026-08-06 22:44:22,469 | INFO | watchfiles.main | 1 change detected
2026-08-06 22:44:22,876 | INFO | watchfiles.main | 1 change detected
2026-08-06 22:44:23,280 | INFO | watchfiles.main | 1 change detected
2026-08-06 22:44:23,686 | INFO | watchfiles.main | 1 change detected
2026-08-06 22:44:24,091 | INFO | watchfiles.main | 1 change detected
2026-08-06 22:44:24,499 | INFO | watchfiles.main | 1 change detected
2026-08-06 22:44:24,908 | INFO | watchfiles.main | 1 change detected
2026-08-06 22:44:25,325 | INFO | watchfiles.main | 1 change detected
2026-08-06 22:44:25,732 | INFO | watchfiles.main | 1 change detected
2026-08-06 22:44:26,136 | INFO | watchfiles.main | 1 change detected
2026-08-06 22:44:26,539 | INFO | watchfiles.main | 1 change detected
2026-08-06 22:44:26,945 | INFO | watchfiles.main | 1 change detected
2026-08-06 22:44:27,351 | INFO | watchfiles.main | 1 change detected
2026-08-06 22:44:27,757 | INFO | watchfiles.main | 1 change detected
2026-08-06 22:44:28,160 | INFO | watchfiles.main | 1 change detected
2026-08-06 22:44:28,568 | INFO | watchfiles.main | 1 change detected
2026-08-06 22:44:28,975 | INFO | watchfiles.main | 1 change detected
2026-08-06 22:44:29,379 | INFO | watchfiles.main | 1 change detected
2026-08-06 22:44:29,783 | INFO | watchfiles.main | 1 change detected
2026-08-06 22:44:30,187 | INFO | watchfiles.main | 1 change detected
2026-08-06 22:44:30,594 | INFO | watchfiles.main | 1 change detected
2026-08-06 22:44:31,000 | INFO | watchfiles.main | 1 change detected
2026-08-06 22:44:31,409 | INFO | watchfiles.main | 1 change detected
2026-08-06 22:44:31,817 | INFO | watchfiles.main | 1 change detected
2026-08-06 22:44:32,221 | INFO | watchfiles.main | 1 change detected
2026-08-06 22:44:32,627 | INFO | watchfiles.main | 1 change detected
2026-08-06 22:44:33,034 | INFO | watchfiles.main | 1 change detected
2026-08-06 22:44:33,439 | INFO | watchfiles.main | 1 change detected
2026-08-06 22:44:33,847 | INFO | watchfiles.main | 1 change detected
2026-08-06 22:44:34,254 | INFO | watchfiles.main | 1 change detected
2026-08-06 22:44:34,660 | INFO | watchfiles.main | 1 change detected
2026-08-06 22:44:35,065 | INFO | watchfiles.main | 1 change detected
2026-08-06 22:44:35,474 | INFO | watchfiles.main | 1 change detected
2026-08-06 22:44:35,880 | INFO | watchfiles.main | 1 change detected
2026-08-06 22:44:36,286 | INFO | watchfiles.main | 1 change detected
2026-08-06 22:44:36,692 | INFO | watchfiles.main | 1 change detected
2026-08-06 22:44:37,096 | INFO | watchfiles.main | 1 change detected
2026-08-06 22:44:37,503 | INFO | watchfiles.main | 1 change detected
2026-08-06 22:44:37,908 | INFO | watchfiles.main | 1 change detected
2026-08-06 22:44:38,312 | INFO | watchfiles.main | 1 change detected
2026-08-06 22:44:38,716 | INFO | watchfiles.main | 1 change detected
2026-08-06 22:44:39,120 | INFO | watchfiles.main | 1 change detected
2026-08-06 22:44:39,525 | INFO | watchfiles.main | 1 change detected
2026-08-06 22:44:39,931 | INFO | watchfiles.main | 1 change detected
2026-08-06 22:44:40,336 | INFO | watchfiles.main | 1 change detected
2026-08-06 22:44:40,744 | INFO | watchfiles.main | 1 change detected
2026-08-06 22:44:41,143 | INFO | watchfiles.main | 1 change detected
2026-08-06 22:44:41,580 | INFO | watchfiles.main | 1 change detected
2026-08-06 22:44:41,988 | INFO | watchfiles.main | 1 change detected
2026-08-06 22:44:42,390 | INFO | watchfiles.main | 1 change detected
2026-08-06 22:44:42,798 | INFO | watchfiles.main | 1 change detected
2026-08-06 22:44:43,204 | INFO | watchfiles.main | 1 change detected
2026-08-06 22:44:43,608 | INFO | watchfiles.main | 1 change detected
2026-08-06 22:44:44,015 | INFO | watchfiles.main | 1 change detected
2026-08-06 22:44:44,424 | INFO | watchfiles.main | 1 change detected
2026-08-06 22:44:44,831 | INFO | watchfiles.main | 1 change detected
2026-08-06 22:44:45,238 | INFO | watchfiles.main | 1 change detected
2026-08-06 22:44:45,646 | INFO | watchfiles.main | 1 change detected
2026-08-06 22:44:46,051 | INFO | watchfiles.main | 1 change detected
2026-08-06 22:44:46,461 | INFO | watchfiles.main | 1 change detected
2026-08-06 22:44:46,869 | INFO | watchfiles.main | 1 change detected
2026-08-06 22:44:47,274 | INFO | watchfiles.main | 1 change detected
2026-08-06 22:44:47,682 | INFO | watchfiles.main | 1 change detected
2026-08-06 22:44:48,086 | INFO | watchfiles.main | 1 change detected
2026-08-06 22:44:48,495 | INFO | watchfiles.main | 1 change detected
2026-08-06 22:44:48,902 | INFO | watchfiles.main | 1 change detected
2026-08-06 22:44:49,307 | INFO | watchfiles.main | 1 change detected
2026-08-06 22:44:49,714 | INFO | watchfiles.main | 1 change detected
2026-08-06 22:44:50,123 | INFO | watchfiles.main | 1 change detected
2026-08-06 22:44:50,527 | INFO | watchfiles.main | 1 change detected
2026-08-06 22:44:50,933 | INFO | watchfiles.main | 1 change detected
2026-08-06 22:44:51,340 | INFO | watchfiles.main | 1 change detected
2026-08-06 22:44:51,748 | INFO | watchfiles.main | 1 change detected
2026-08-06 22:44:52,156 | INFO | watchfiles.main | 1 change detected
2026-08-06 22:44:52,561 | INFO | watchfiles.main | 1 change detected
2026-08-06 22:44:52,964 | INFO | watchfiles.main | 1 change detected
2026-08-06 22:44:53,371 | INFO | watchfiles.main | 1 change detected
2026-08-06 22:44:53,775 | INFO | watchfiles.main | 1 change detected
2026-08-06 22:44:54,180 | INFO | watchfiles.main | 1 change detected
2026-08-06 22:44:54,585 | INFO | watchfiles.main | 1 change detected
2026-08-06 22:44:54,991 | INFO | watchfiles.main | 1 change detected
2026-08-06 22:44:55,398 | INFO | watchfiles.main | 1 change detected
2026-08-06 22:44:55,804 | INFO | watchfiles.main | 1 change detected
2026-08-06 22:44:56,209 | INFO | watchfiles.main | 1 change detected
2026-08-06 22:44:56,615 | INFO | watchfiles.main | 1 change detected
2026-08-06 22:44:57,020 | INFO | watchfiles.main | 1 change detected
2026-08-06 22:44:57,428 | INFO | watchfiles.main | 1 change detected
2026-08-06 22:44:57,831 | INFO | watchfiles.main | 1 change detected
2026-08-06 22:44:58,238 | INFO | watchfiles.main | 1 change detected
2026-08-06 22:44:58,646 | INFO | watchfiles.main | 1 change detected
2026-08-06 22:44:59,054 | INFO | watchfiles.main | 1 change detected
2026-08-06 22:44:59,462 | INFO | watchfiles.main | 1 change detected
2026-08-06 22:44:59,868 | INFO | watchfiles.main | 1 change detected
2026-08-06 22:45:00,271 | INFO | watchfiles.main | 1 change detected
2026-08-06 22:45:00,674 | INFO | watchfiles.main | 1 change detected
2026-08-06 22:45:01,084 | INFO | watchfiles.main | 1 change detected
2026-08-06 22:45:01,489 | INFO | watchfiles.main | 1 change detected
2026-08-06 22:45:01,895 | INFO | watchfiles.main | 1 change detected
2026-08-06 22:45:02,301 | INFO | watchfiles.main | 1 change detected
2026-08-06 22:45:02,706 | INFO | watchfiles.main | 1 change detected
2026-08-06 22:45:03,110 | INFO | watchfiles.main | 1 change detected
2026-08-06 22:45:03,518 | INFO | watchfiles.main | 1 change detected
2026-08-06 22:45:03,924 | INFO | watchfiles.main | 1 change detected
2026-08-06 22:45:04,329 | INFO | watchfiles.main | 1 change detected
2026-08-06 22:45:04,738 | INFO | watchfiles.main | 1 change detected
2026-08-06 22:45:05,145 | INFO | watchfiles.main | 1 change detected
2026-08-06 22:45:05,549 | INFO | watchfiles.main | 1 change detected
2026-08-06 22:45:05,954 | INFO | watchfiles.main | 1 change detected
2026-08-06 22:45:06,359 | INFO | watchfiles.main | 1 change detected
2026-08-06 22:45:06,765 | INFO | watchfiles.main | 1 change detected
2026-08-06 22:45:07,170 | INFO | watchfiles.main | 1 change detected
2026-08-06 22:45:07,578 | INFO | watchfiles.main | 1 change detected
2026-08-06 22:45:07,982 | INFO | watchfiles.main | 1 change detected
2026-08-06 22:45:08,388 | INFO | watchfiles.main | 1 change detected
2026-08-06 22:45:08,795 | INFO | watchfiles.main | 1 change detected
2026-08-06 22:45:09,201 | INFO | watchfiles.main | 1 change detected
2026-08-06 22:45:09,609 | INFO | watchfiles.main | 1 change detected
2026-08-06 22:45:10,015 | INFO | watchfiles.main | 1 change detected
2026-08-06 22:45:10,418 | INFO | watchfiles.main | 1 change detected
2026-08-06 22:45:10,822 | INFO | watchfiles.main | 1 change detected
2026-08-06 22:45:11,279 | INFO | watchfiles.main | 1 change detected
2026-08-06 22:45:11,646 | INFO | watchfiles.main | 1 change detected
2026-08-06 22:45:12,056 | INFO | watchfiles.main | 1 change detected
2026-08-06 22:45:12,463 | INFO | watchfiles.main | 1 change detected
2026-08-06 22:45:12,867 | INFO | watchfiles.main | 1 change detected
2026-08-06 22:45:13,275 | INFO | watchfiles.main | 1 change detected
2026-08-06 22:45:13,680 | INFO | watchfiles.main | 1 change detected
2026-08-06 22:45:14,085 | INFO | watchfiles.main | 1 change detected
2026-08-06 22:45:14,494 | INFO | watchfiles.main | 1 change detected
2026-08-06 22:45:14,901 | INFO | watchfiles.main | 1 change detected
2026-08-06 22:45:15,307 | INFO | watchfiles.main | 1 change detected
2026-08-06 22:45:15,716 | INFO | watchfiles.main | 1 change detected
2026-08-06 22:45:16,123 | INFO | watchfiles.main | 1 change detected
2026-08-06 22:45:16,531 | INFO | watchfiles.main | 1 change detected
2026-08-06 22:45:16,939 | INFO | watchfiles.main | 1 change detected
2026-08-06 22:45:17,342 | INFO | watchfiles.main | 1 change detected
2026-08-06 22:45:17,749 | INFO | watchfiles.main | 1 change detected
2026-08-06 22:45:18,154 | INFO | watchfiles.main | 1 change detected
2026-08-06 22:45:18,562 | INFO | watchfiles.main | 1 change detected
2026-08-06 22:45:19,015 | INFO | watchfiles.main | 1 change detected
2026-08-06 22:45:19,418 | INFO | watchfiles.main | 1 change detected
2026-08-06 22:45:19,829 | INFO | watchfiles.main | 1 change detected
2026-08-06 22:45:20,234 | INFO | watchfiles.main | 1 change detected
2026-08-06 22:45:20,641 | INFO | watchfiles.main | 1 change detected
2026-08-06 22:45:21,046 | INFO | watchfiles.main | 1 change detected
2026-08-06 22:45:21,449 | INFO | watchfiles.main | 1 change detected
2026-08-06 22:45:21,855 | INFO | watchfiles.main | 1 change detected
2026-08-06 22:45:22,265 | INFO | watchfiles.main | 1 change detected
2026-08-06 22:45:22,669 | INFO | watchfiles.main | 1 change detected
2026-08-06 22:45:23,026 | INFO | watchfiles.main | 1 change detected
2026-08-06 22:45:23,441 | INFO | watchfiles.main | 1 change detected
2026-08-06 22:45:23,847 | INFO | watchfiles.main | 1 change detected
2026-08-06 22:45:24,265 | INFO | watchfiles.main | 1 change detected
2026-08-06 22:45:24,673 | INFO | watchfiles.main | 1 change detected
2026-08-06 22:45:25,079 | INFO | watchfiles.main | 1 change detected
2026-08-06 22:45:25,486 | INFO | watchfiles.main | 1 change detected
2026-08-06 22:45:25,891 | INFO | watchfiles.main | 1 change detected
2026-08-06 22:45:26,298 | INFO | watchfiles.main | 1 change detected
2026-08-06 22:45:26,703 | INFO | watchfiles.main | 1 change detected
2026-08-06 22:45:27,110 | INFO | watchfiles.main | 1 change detected
2026-08-06 22:45:27,515 | INFO | watchfiles.main | 1 change detected
2026-08-06 22:45:27,921 | INFO | watchfiles.main | 1 change detected
2026-08-06 22:45:28,325 | INFO | watchfiles.main | 1 change detected
2026-08-06 22:45:28,730 | INFO | watchfiles.main | 1 change detected
2026-08-06 22:45:29,135 | INFO | watchfiles.main | 1 change detected
2026-08-06 22:45:29,543 | INFO | watchfiles.main | 1 change detected
2026-08-06 22:45:29,950 | INFO | watchfiles.main | 1 change detected
2026-08-06 22:45:30,355 | INFO | watchfiles.main | 1 change detected
2026-08-06 22:45:30,762 | INFO | watchfiles.main | 1 change detected
2026-08-06 22:45:31,168 | INFO | watchfiles.main | 1 change detected
2026-08-06 22:45:31,571 | INFO | watchfiles.main | 1 change detected
2026-08-06 22:45:31,979 | INFO | watchfiles.main | 1 change detected
2026-08-06 22:45:32,383 | INFO | watchfiles.main | 1 change detected
2026-08-06 22:45:32,792 | INFO | watchfiles.main | 1 change detected
2026-08-06 22:45:33,198 | INFO | watchfiles.main | 1 change detected
2026-08-06 22:45:33,604 | INFO | watchfiles.main | 1 change detected
2026-08-06 22:45:34,010 | INFO | watchfiles.main | 1 change detected
2026-08-06 22:45:34,415 | INFO | watchfiles.main | 1 change detected
2026-08-06 22:45:34,822 | INFO | watchfiles.main | 1 change detected
2026-08-06 22:45:35,229 | INFO | watchfiles.main | 1 change detected
2026-08-06 22:45:35,635 | INFO | watchfiles.main | 1 change detected
2026-08-06 22:45:36,041 | INFO | watchfiles.main | 1 change detected
2026-08-06 22:45:36,447 | INFO | watchfiles.main | 1 change detected
2026-08-06 22:45:36,851 | INFO | watchfiles.main | 1 change detected
2026-08-06 22:45:37,259 | INFO | watchfiles.main | 1 change detected
2026-08-06 22:45:37,668 | INFO | watchfiles.main | 1 change detected
2026-08-06 22:45:38,026 | INFO | watchfiles.main | 1 change detected
2026-08-06 22:45:38,434 | INFO | watchfiles.main | 1 change detected
2026-08-06 22:45:38,843 | INFO | watchfiles.main | 1 change detected
2026-08-06 22:45:39,249 | INFO | watchfiles.main | 1 change detected
2026-08-06 22:45:39,656 | INFO | watchfiles.main | 1 change detected
2026-08-06 22:45:40,062 | INFO | watchfiles.main | 1 change detected
2026-08-06 22:45:40,469 | INFO | watchfiles.main | 1 change detected
2026-08-06 22:45:40,872 | INFO | watchfiles.main | 1 change detected
2026-08-06 22:45:41,278 | INFO | watchfiles.main | 1 change detected
2026-08-06 22:45:41,686 | INFO | watchfiles.main | 1 change detected
2026-08-06 22:45:42,092 | INFO | watchfiles.main | 1 change detected
2026-08-06 22:45:42,499 | INFO | watchfiles.main | 1 change detected
2026-08-06 22:45:42,908 | INFO | watchfiles.main | 1 change detected
2026-08-06 22:45:43,316 | INFO | watchfiles.main | 1 change detected
2026-08-06 22:45:43,722 | INFO | watchfiles.main | 1 change detected
2026-08-06 22:45:44,128 | INFO | watchfiles.main | 1 change detected
2026-08-06 22:45:44,534 | INFO | watchfiles.main | 1 change detected
2026-08-06 22:45:44,937 | INFO | watchfiles.main | 1 change detected
2026-08-06 22:45:45,343 | INFO | watchfiles.main | 1 change detected
2026-08-06 22:45:45,749 | INFO | watchfiles.main | 1 change detected
2026-08-06 22:45:46,152 | INFO | watchfiles.main | 1 change detected
2026-08-06 22:45:46,559 | INFO | watchfiles.main | 1 change detected
2026-08-06 22:45:46,964 | INFO | watchfiles.main | 1 change detected
2026-08-06 22:45:47,371 | INFO | watchfiles.main | 1 change detected
2026-08-06 22:45:47,779 | INFO | watchfiles.main | 1 change detected
2026-08-06 22:45:48,187 | INFO | watchfiles.main | 1 change detected
2026-08-06 22:45:48,593 | INFO | watchfiles.main | 1 change detected
2026-08-06 22:45:49,000 | INFO | watchfiles.main | 1 change detected
2026-08-06 22:45:49,405 | INFO | watchfiles.main | 1 change detected
2026-08-06 22:45:49,811 | INFO | watchfiles.main | 1 change detected
2026-08-06 22:45:50,217 | INFO | watchfiles.main | 1 change detected
2026-08-06 22:45:50,624 | INFO | watchfiles.main | 1 change detected
2026-08-06 22:45:51,031 | INFO | watchfiles.main | 1 change detected
2026-08-06 22:45:51,436 | INFO | watchfiles.main | 1 change detected
2026-08-06 22:45:51,843 | INFO | watchfiles.main | 1 change detected
2026-08-06 22:45:52,249 | INFO | watchfiles.main | 1 change detected
2026-08-06 22:45:52,655 | INFO | watchfiles.main | 1 change detected
2026-08-06 22:45:53,058 | INFO | watchfiles.main | 1 change detected
2026-08-06 22:45:53,466 | INFO | watchfiles.main | 1 change detected
2026-08-06 22:45:53,925 | INFO | watchfiles.main | 1 change detected
2026-08-06 22:45:54,328 | INFO | watchfiles.main | 1 change detected
2026-08-06 22:45:54,733 | INFO | watchfiles.main | 1 change detected
2026-08-06 22:45:55,140 | INFO | watchfiles.main | 1 change detected
2026-08-06 22:45:55,546 | INFO | watchfiles.main | 1 change detected
2026-08-06 22:45:55,954 | INFO | watchfiles.main | 1 change detected
2026-08-06 22:45:56,359 | INFO | watchfiles.main | 1 change detected
2026-08-06 22:45:56,765 | INFO | watchfiles.main | 1 change detected
2026-08-06 22:45:57,173 | INFO | watchfiles.main | 1 change detected
2026-08-06 22:45:57,576 | INFO | watchfiles.main | 1 change detected
2026-08-06 22:45:57,981 | INFO | watchfiles.main | 1 change detected
2026-08-06 22:45:58,386 | INFO | watchfiles.main | 1 change detected
2026-08-06 22:45:58,791 | INFO | watchfiles.main | 1 change detected
2026-08-06 22:45:59,197 | INFO | watchfiles.main | 1 change detected
2026-08-06 22:45:59,606 | INFO | watchfiles.main | 1 change detected
2026-08-06 22:46:00,016 | INFO | watchfiles.main | 1 change detected
2026-08-06 22:46:00,419 | INFO | watchfiles.main | 1 change detected
2026-08-06 22:46:00,825 | INFO | watchfiles.main | 1 change detected
2026-08-06 22:46:01,231 | INFO | watchfiles.main | 1 change detected
2026-08-06 22:46:01,636 | INFO | watchfiles.main | 1 change detected
2026-08-06 22:46:02,045 | INFO | watchfiles.main | 1 change detected
2026-08-06 22:46:02,452 | INFO | watchfiles.main | 1 change detected
2026-08-06 22:46:02,856 | INFO | watchfiles.main | 1 change detected
2026-08-06 22:46:03,263 | INFO | watchfiles.main | 1 change detected
2026-08-06 22:46:03,668 | INFO | watchfiles.main | 1 change detected
2026-08-06 22:46:04,074 | INFO | watchfiles.main | 1 change detected
2026-08-06 22:46:04,480 | INFO | watchfiles.main | 1 change detected
2026-08-06 22:46:04,884 | INFO | watchfiles.main | 1 change detected
2026-08-06 22:46:05,290 | INFO | watchfiles.main | 1 change detected
2026-08-06 22:46:05,695 | INFO | watchfiles.main | 1 change detected
2026-08-06 22:46:06,103 | INFO | watchfiles.main | 1 change detected
2026-08-06 22:46:06,513 | INFO | watchfiles.main | 1 change detected
2026-08-06 22:46:06,919 | INFO | watchfiles.main | 1 change detected
2026-08-06 22:46:07,325 | INFO | watchfiles.main | 1 change detected
2026-08-06 22:46:07,731 | INFO | watchfiles.main | 1 change detected
2026-08-06 22:46:08,138 | INFO | watchfiles.main | 1 change detected
2026-08-06 22:46:08,542 | INFO | watchfiles.main | 1 change detected
2026-08-06 22:46:08,947 | INFO | watchfiles.main | 1 change detected
2026-08-06 22:46:09,351 | INFO | watchfiles.main | 1 change detected
2026-08-06 22:46:09,756 | INFO | watchfiles.main | 1 change detected
2026-08-06 22:46:10,163 | INFO | watchfiles.main | 1 change detected
2026-08-06 22:46:10,569 | INFO | watchfiles.main | 1 change detected
2026-08-06 22:46:10,975 | INFO | watchfiles.main | 1 change detected
2026-08-06 22:46:11,382 | INFO | watchfiles.main | 1 change detected
2026-08-06 22:46:11,790 | INFO | watchfiles.main | 1 change detected
2026-08-06 22:46:12,196 | INFO | watchfiles.main | 1 change detected
2026-08-06 22:46:12,602 | INFO | watchfiles.main | 1 change detected
2026-08-06 22:46:13,008 | INFO | watchfiles.main | 1 change detected
2026-08-06 22:46:13,415 | INFO | watchfiles.main | 1 change detected
2026-08-06 22:46:13,821 | INFO | watchfiles.main | 1 change detected
2026-08-06 22:46:14,227 | INFO | watchfiles.main | 1 change detected
2026-08-06 22:46:14,633 | INFO | watchfiles.main | 1 change detected
2026-08-06 22:46:15,039 | INFO | watchfiles.main | 1 change detected
2026-08-06 22:46:15,447 | INFO | watchfiles.main | 1 change detected
2026-08-06 22:46:15,853 | INFO | watchfiles.main | 1 change detected
2026-08-06 22:46:16,260 | INFO | watchfiles.main | 1 change detected
2026-08-06 22:46:16,668 | INFO | watchfiles.main | 1 change detected
2026-08-06 22:46:17,077 | INFO | watchfiles.main | 1 change detected
2026-08-06 22:46:17,484 | INFO | watchfiles.main | 1 change detected
2026-08-06 22:46:17,891 | INFO | watchfiles.main | 1 change detected
2026-08-06 22:46:18,297 | INFO | watchfiles.main | 1 change detected
2026-08-06 22:46:18,703 | INFO | watchfiles.main | 1 change detected
2026-08-06 22:46:19,112 | INFO | watchfiles.main | 1 change detected
2026-08-06 22:46:19,519 | INFO | watchfiles.main | 1 change detected
2026-08-06 22:46:19,927 | INFO | watchfiles.main | 1 change detected
2026-08-06 22:46:20,332 | INFO | watchfiles.main | 1 change detected
2026-08-06 22:46:20,738 | INFO | watchfiles.main | 1 change detected
2026-08-06 22:46:21,144 | INFO | watchfiles.main | 1 change detected
2026-08-06 22:46:21,552 | INFO | watchfiles.main | 1 change detected
2026-08-06 22:46:21,961 | INFO | watchfiles.main | 1 change detected
2026-08-06 22:46:22,373 | INFO | watchfiles.main | 1 change detected
2026-08-06 22:46:22,780 | INFO | watchfiles.main | 1 change detected
2026-08-06 22:46:23,186 | INFO | watchfiles.main | 1 change detected
2026-08-06 22:46:23,591 | INFO | watchfiles.main | 1 change detected
2026-08-06 22:46:23,997 | INFO | watchfiles.main | 1 change detected
2026-08-06 22:46:24,402 | INFO | watchfiles.main | 1 change detected
2026-08-06 22:46:24,805 | INFO | watchfiles.main | 1 change detected
2026-08-06 22:46:25,211 | INFO | watchfiles.main | 1 change detected
2026-08-06 22:46:25,615 | INFO | watchfiles.main | 1 change detected
2026-08-06 22:46:26,020 | INFO | watchfiles.main | 1 change detected
2026-08-06 22:46:26,425 | INFO | watchfiles.main | 1 change detected
2026-08-06 22:46:26,830 | INFO | watchfiles.main | 1 change detected
2026-08-06 22:46:27,235 | INFO | watchfiles.main | 1 change detected
2026-08-06 22:46:27,642 | INFO | watchfiles.main | 1 change detected
2026-08-06 22:46:28,047 | INFO | watchfiles.main | 1 change detected
2026-08-06 22:46:28,451 | INFO | watchfiles.main | 1 change detected
2026-08-06 22:46:28,858 | INFO | watchfiles.main | 1 change detected
2026-08-06 22:46:29,264 | INFO | watchfiles.main | 1 change detected
2026-08-06 22:46:29,671 | INFO | watchfiles.main | 1 change detected
2026-08-06 22:46:30,077 | INFO | watchfiles.main | 1 change detected
2026-08-06 22:46:30,435 | INFO | watchfiles.main | 1 change detected
2026-08-06 22:46:30,842 | INFO | watchfiles.main | 1 change detected
2026-08-06 22:46:31,250 | INFO | watchfiles.main | 1 change detected
2026-08-06 22:46:31,655 | INFO | watchfiles.main | 1 change detected
2026-08-06 22:46:32,064 | INFO | watchfiles.main | 1 change detected
2026-08-06 22:46:32,474 | INFO | watchfiles.main | 1 change detected
2026-08-06 22:46:32,878 | INFO | watchfiles.main | 1 change detected
2026-08-06 22:46:33,285 | INFO | watchfiles.main | 1 change detected
2026-08-06 22:46:33,692 | INFO | watchfiles.main | 1 change detected
2026-08-06 22:46:34,101 | INFO | watchfiles.main | 1 change detected
2026-08-06 22:46:34,507 | INFO | watchfiles.main | 1 change detected
2026-08-06 22:46:34,913 | INFO | watchfiles.main | 1 change detected
2026-08-06 22:46:35,319 | INFO | watchfiles.main | 1 change detected
2026-08-06 22:46:35,723 | INFO | watchfiles.main | 1 change detected
2026-08-06 22:46:36,130 | INFO | watchfiles.main | 1 change detected
2026-08-06 22:46:36,539 | INFO | watchfiles.main | 1 change detected
2026-08-06 22:46:36,956 | INFO | watchfiles.main | 1 change detected
2026-08-06 22:46:37,374 | INFO | watchfiles.main | 1 change detected
2026-08-06 22:46:37,780 | INFO | watchfiles.main | 1 change detected
2026-08-06 22:46:38,183 | INFO | watchfiles.main | 1 change detected
2026-08-06 22:46:38,589 | INFO | watchfiles.main | 1 change detected
2026-08-06 22:46:38,997 | INFO | watchfiles.main | 1 change detected
2026-08-06 22:46:39,402 | INFO | watchfiles.main | 1 change detected
2026-08-06 22:46:39,811 | INFO | watchfiles.main | 1 change detected
2026-08-06 22:46:40,219 | INFO | watchfiles.main | 1 change detected
2026-08-06 22:46:40,622 | INFO | watchfiles.main | 1 change detected
2026-08-06 22:46:41,028 | INFO | watchfiles.main | 1 change detected
2026-08-06 22:46:41,434 | INFO | watchfiles.main | 1 change detected
2026-08-06 22:46:41,839 | INFO | watchfiles.main | 1 change detected
2026-08-06 22:46:42,246 | INFO | watchfiles.main | 1 change detected
2026-08-06 22:46:42,653 | INFO | watchfiles.main | 1 change detected
2026-08-06 22:46:43,060 | INFO | watchfiles.main | 1 change detected
2026-08-06 22:46:43,465 | INFO | watchfiles.main | 1 change detected
2026-08-06 22:46:43,869 | INFO | watchfiles.main | 1 change detected
2026-08-06 22:46:44,274 | INFO | watchfiles.main | 1 change detected
2026-08-06 22:46:44,682 | INFO | watchfiles.main | 1 change detected
2026-08-06 22:46:45,088 | INFO | watchfiles.main | 1 change detected
2026-08-06 22:46:45,494 | INFO | watchfiles.main | 1 change detected
2026-08-06 22:46:45,899 | INFO | watchfiles.main | 1 change detected
2026-08-06 22:46:46,305 | INFO | watchfiles.main | 1 change detected
2026-08-06 22:46:46,709 | INFO | watchfiles.main | 1 change detected
2026-08-06 22:46:47,115 | INFO | watchfiles.main | 1 change detected
2026-08-06 22:46:47,522 | INFO | watchfiles.main | 1 change detected
2026-08-06 22:46:47,931 | INFO | watchfiles.main | 1 change detected
2026-08-06 22:46:48,335 | INFO | watchfiles.main | 1 change detected
2026-08-06 22:46:48,740 | INFO | watchfiles.main | 1 change detected
2026-08-06 22:46:49,146 | INFO | watchfiles.main | 1 change detected
2026-08-06 22:46:49,552 | INFO | watchfiles.main | 1 change detected
2026-08-06 22:46:49,959 | INFO | watchfiles.main | 1 change detected
2026-08-06 22:46:50,364 | INFO | watchfiles.main | 1 change detected
2026-08-06 22:46:50,769 | INFO | watchfiles.main | 1 change detected
2026-08-06 22:46:51,176 | INFO | watchfiles.main | 1 change detected
2026-08-06 22:46:51,581 | INFO | watchfiles.main | 1 change detected
2026-08-06 22:46:51,988 | INFO | watchfiles.main | 1 change detected
2026-08-06 22:46:52,395 | INFO | watchfiles.main | 1 change detected
2026-08-06 22:46:52,802 | INFO | watchfiles.main | 1 change detected
2026-08-06 22:46:53,208 | INFO | watchfiles.main | 1 change detected
2026-08-06 22:46:53,615 | INFO | watchfiles.main | 1 change detected
2026-08-06 22:46:54,020 | INFO | watchfiles.main | 1 change detected
2026-08-06 22:46:54,425 | INFO | watchfiles.main | 1 change detected
2026-08-06 22:46:54,829 | INFO | watchfiles.main | 1 change detected
2026-08-06 22:46:55,234 | INFO | watchfiles.main | 1 change detected
2026-08-06 22:46:55,640 | INFO | watchfiles.main | 1 change detected
2026-08-06 22:46:56,044 | INFO | watchfiles.main | 1 change detected
2026-08-06 22:46:56,449 | INFO | watchfiles.main | 1 change detected
2026-08-06 22:46:56,855 | INFO | watchfiles.main | 1 change detected
2026-08-06 22:46:57,261 | INFO | watchfiles.main | 1 change detected
2026-08-06 22:46:57,668 | INFO | watchfiles.main | 1 change detected
2026-08-06 22:46:58,075 | INFO | watchfiles.main | 1 change detected
2026-08-06 22:46:58,480 | INFO | watchfiles.main | 1 change detected
2026-08-06 22:46:58,887 | INFO | watchfiles.main | 1 change detected
2026-08-06 22:46:59,294 | INFO | watchfiles.main | 1 change detected
2026-08-06 22:46:59,703 | INFO | watchfiles.main | 1 change detected
2026-08-06 22:47:00,111 | INFO | watchfiles.main | 1 change detected
2026-08-06 22:47:00,517 | INFO | watchfiles.main | 1 change detected
2026-08-06 22:47:00,927 | INFO | watchfiles.main | 1 change detected
2026-08-06 22:47:01,332 | INFO | watchfiles.main | 1 change detected
2026-08-06 22:47:01,736 | INFO | watchfiles.main | 1 change detected
2026-08-06 22:47:02,145 | INFO | watchfiles.main | 1 change detected
2026-08-06 22:47:02,550 | INFO | watchfiles.main | 1 change detected
2026-08-06 22:47:02,954 | INFO | watchfiles.main | 1 change detected
2026-08-06 22:47:03,358 | INFO | watchfiles.main | 1 change detected
2026-08-06 22:47:03,762 | INFO | watchfiles.main | 1 change detected
2026-08-06 22:47:04,170 | INFO | watchfiles.main | 1 change detected
2026-08-06 22:47:04,577 | INFO | watchfiles.main | 1 change detected
2026-08-06 22:47:04,981 | INFO | watchfiles.main | 1 change detected
2026-08-06 22:47:05,388 | INFO | watchfiles.main | 1 change detected
2026-08-06 22:47:05,795 | INFO | watchfiles.main | 1 change detected
2026-08-06 22:47:06,200 | INFO | watchfiles.main | 1 change detected
2026-08-06 22:47:06,608 | INFO | watchfiles.main | 1 change detected
2026-08-06 22:47:07,017 | INFO | watchfiles.main | 1 change detected
2026-08-06 22:47:07,423 | INFO | watchfiles.main | 1 change detected
2026-08-06 22:47:07,829 | INFO | watchfiles.main | 1 change detected
2026-08-06 22:47:08,234 | INFO | watchfiles.main | 1 change detected
2026-08-06 22:47:08,640 | INFO | watchfiles.main | 1 change detected
2026-08-06 22:47:09,051 | INFO | watchfiles.main | 1 change detected
2026-08-06 22:47:09,456 | INFO | watchfiles.main | 1 change detected
2026-08-06 22:47:09,863 | INFO | watchfiles.main | 1 change detected
2026-08-06 22:47:10,272 | INFO | watchfiles.main | 1 change detected
2026-08-06 22:47:10,677 | INFO | watchfiles.main | 1 change detected
2026-08-06 22:47:11,086 | INFO | watchfiles.main | 1 change detected
2026-08-06 22:47:11,492 | INFO | watchfiles.main | 1 change detected
2026-08-06 22:47:11,900 | INFO | watchfiles.main | 1 change detected
2026-08-06 22:47:12,309 | INFO | watchfiles.main | 1 change detected
2026-08-06 22:47:12,716 | INFO | watchfiles.main | 1 change detected
2026-08-06 22:47:13,127 | INFO | watchfiles.main | 1 change detected
2026-08-06 22:47:13,532 | INFO | watchfiles.main | 1 change detected
2026-08-06 22:47:13,941 | INFO | watchfiles.main | 1 change detected
2026-08-06 22:47:14,346 | INFO | watchfiles.main | 1 change detected
2026-08-06 22:47:14,751 | INFO | watchfiles.main | 1 change detected
2026-08-06 22:47:15,159 | INFO | watchfiles.main | 1 change detected
2026-08-06 22:47:15,563 | INFO | watchfiles.main | 1 change detected
2026-08-06 22:47:15,971 | INFO | watchfiles.main | 1 change detected
2026-08-06 22:47:16,377 | INFO | watchfiles.main | 1 change detected
2026-08-06 22:47:16,782 | INFO | watchfiles.main | 1 change detected
2026-08-06 22:47:17,188 | INFO | watchfiles.main | 1 change detected
2026-08-06 22:47:17,592 | INFO | watchfiles.main | 1 change detected
2026-08-06 22:47:18,000 | INFO | watchfiles.main | 1 change detected
2026-08-06 22:47:18,409 | INFO | watchfiles.main | 1 change detected
2026-08-06 22:47:18,812 | INFO | watchfiles.main | 1 change detected
2026-08-06 22:47:19,218 | INFO | watchfiles.main | 1 change detected
2026-08-06 22:47:19,627 | INFO | watchfiles.main | 1 change detected
2026-08-06 22:47:20,034 | INFO | watchfiles.main | 1 change detected
2026-08-06 22:47:20,438 | INFO | watchfiles.main | 1 change detected
2026-08-06 22:47:20,842 | INFO | watchfiles.main | 1 change detected
2026-08-06 22:47:21,247 | INFO | watchfiles.main | 1 change detected
2026-08-06 22:47:21,653 | INFO | watchfiles.main | 1 change detected
2026-08-06 22:47:22,059 | INFO | watchfiles.main | 1 change detected
2026-08-06 22:47:22,464 | INFO | watchfiles.main | 1 change detected
2026-08-06 22:47:22,869 | INFO | watchfiles.main | 1 change detected
2026-08-06 22:47:23,278 | INFO | watchfiles.main | 1 change detected
2026-08-06 22:47:23,686 | INFO | watchfiles.main | 1 change detected
2026-08-06 22:47:24,095 | INFO | watchfiles.main | 1 change detected
2026-08-06 22:47:24,498 | INFO | watchfiles.main | 1 change detected
2026-08-06 22:47:24,904 | INFO | watchfiles.main | 1 change detected
2026-08-06 22:47:25,311 | INFO | watchfiles.main | 1 change detected
2026-08-06 22:47:25,717 | INFO | watchfiles.main | 1 change detected
2026-08-06 22:47:26,124 | INFO | watchfiles.main | 1 change detected
2026-08-06 22:47:26,532 | INFO | watchfiles.main | 1 change detected
2026-08-06 22:47:26,937 | INFO | watchfiles.main | 1 change detected
2026-08-06 22:47:27,345 | INFO | watchfiles.main | 1 change detected
2026-08-06 22:47:27,751 | INFO | watchfiles.main | 1 change detected
2026-08-06 22:47:28,157 | INFO | watchfiles.main | 1 change detected
2026-08-06 22:47:28,563 | INFO | watchfiles.main | 1 change detected
2026-08-06 22:47:28,968 | INFO | watchfiles.main | 1 change detected
2026-08-06 22:47:29,373 | INFO | watchfiles.main | 1 change detected
2026-08-06 22:47:29,780 | INFO | watchfiles.main | 1 change detected
2026-08-06 22:47:30,186 | INFO | watchfiles.main | 1 change detected
2026-08-06 22:47:30,594 | INFO | watchfiles.main | 1 change detected
2026-08-06 22:47:31,000 | INFO | watchfiles.main | 1 change detected
2026-08-06 22:47:31,406 | INFO | watchfiles.main | 1 change detected
2026-08-06 22:47:31,812 | INFO | watchfiles.main | 1 change detected
2026-08-06 22:47:32,222 | INFO | watchfiles.main | 1 change detected
2026-08-06 22:47:32,627 | INFO | watchfiles.main | 1 change detected
2026-08-06 22:47:33,035 | INFO | watchfiles.main | 1 change detected
2026-08-06 22:47:33,439 | INFO | watchfiles.main | 1 change detected
2026-08-06 22:47:33,846 | INFO | watchfiles.main | 1 change detected
2026-08-06 22:47:34,250 | INFO | watchfiles.main | 1 change detected
2026-08-06 22:47:34,654 | INFO | watchfiles.main | 1 change detected
2026-08-06 22:47:35,060 | INFO | watchfiles.main | 1 change detected
2026-08-06 22:47:35,465 | INFO | watchfiles.main | 1 change detected
2026-08-06 22:47:35,870 | INFO | watchfiles.main | 1 change detected
2026-08-06 22:47:36,275 | INFO | watchfiles.main | 1 change detected
2026-08-06 22:47:36,683 | INFO | watchfiles.main | 1 change detected
2026-08-06 22:47:37,088 | INFO | watchfiles.main | 1 change detected
2026-08-06 22:47:37,497 | INFO | watchfiles.main | 1 change detected
2026-08-06 22:47:37,905 | INFO | watchfiles.main | 1 change detected
2026-08-06 22:47:38,310 | INFO | watchfiles.main | 1 change detected
2026-08-06 22:47:38,715 | INFO | watchfiles.main | 1 change detected
2026-08-06 22:47:39,122 | INFO | watchfiles.main | 1 change detected
2026-08-06 22:47:39,527 | INFO | watchfiles.main | 1 change detected
2026-08-06 22:47:39,933 | INFO | watchfiles.main | 1 change detected
2026-08-06 22:47:40,341 | INFO | watchfiles.main | 1 change detected
2026-08-06 22:47:40,748 | INFO | watchfiles.main | 1 change detected
2026-08-06 22:47:41,158 | INFO | watchfiles.main | 1 change detected
2026-08-06 22:47:41,564 | INFO | watchfiles.main | 1 change detected
2026-08-06 22:47:41,974 | INFO | watchfiles.main | 1 change detected
2026-08-06 22:47:42,379 | INFO | watchfiles.main | 1 change detected
2026-08-06 22:47:42,785 | INFO | watchfiles.main | 1 change detected
2026-08-06 22:47:43,192 | INFO | watchfiles.main | 1 change detected
2026-08-06 22:47:43,600 | INFO | watchfiles.main | 1 change detected
2026-08-06 22:47:44,004 | INFO | watchfiles.main | 1 change detected
2026-08-06 22:47:44,411 | INFO | watchfiles.main | 1 change detected
2026-08-06 22:47:44,819 | INFO | watchfiles.main | 1 change detected
2026-08-06 22:47:45,182 | INFO | watchfiles.main | 1 change detected
2026-08-06 22:47:45,650 | INFO | watchfiles.main | 1 change detected
2026-08-06 22:47:46,032 | INFO | watchfiles.main | 1 change detected
2026-08-06 22:47:46,441 | INFO | watchfiles.main | 1 change detected
2026-08-06 22:47:46,849 | INFO | watchfiles.main | 1 change detected
2026-08-06 22:47:47,212 | INFO | watchfiles.main | 1 change detected
2026-08-06 22:47:47,628 | INFO | watchfiles.main | 1 change detected
2026-08-06 22:47:48,041 | INFO | watchfiles.main | 1 change detected
2026-08-06 22:47:48,449 | INFO | watchfiles.main | 1 change detected
2026-08-06 22:47:48,852 | INFO | watchfiles.main | 1 change detected
2026-08-06 22:47:49,257 | INFO | watchfiles.main | 1 change detected
2026-08-06 22:47:49,664 | INFO | watchfiles.main | 1 change detected
2026-08-06 22:47:50,071 | INFO | watchfiles.main | 1 change detected
2026-08-06 22:47:50,476 | INFO | watchfiles.main | 1 change detected
2026-08-06 22:47:50,881 | INFO | watchfiles.main | 1 change detected
2026-08-06 22:47:51,286 | INFO | watchfiles.main | 1 change detected
2026-08-06 22:47:51,690 | INFO | watchfiles.main | 1 change detected
2026-08-06 22:47:52,094 | INFO | watchfiles.main | 1 change detected
2026-08-06 22:47:52,499 | INFO | watchfiles.main | 1 change detected
2026-08-06 22:47:52,904 | INFO | watchfiles.main | 1 change detected
2026-08-06 22:47:53,310 | INFO | watchfiles.main | 1 change detected
2026-08-06 22:47:53,715 | INFO | watchfiles.main | 1 change detected
2026-08-06 22:47:54,119 | INFO | watchfiles.main | 1 change detected
2026-08-06 22:47:54,523 | INFO | watchfiles.main | 1 change detected
2026-08-06 22:47:54,928 | INFO | watchfiles.main | 1 change detected
2026-08-06 22:47:55,334 | INFO | watchfiles.main | 1 change detected
2026-08-06 22:47:55,763 | INFO | watchfiles.main | 1 change detected
2026-08-06 22:47:56,168 | INFO | watchfiles.main | 1 change detected
2026-08-06 22:47:56,576 | INFO | watchfiles.main | 1 change detected
2026-08-06 22:47:56,981 | INFO | watchfiles.main | 1 change detected
2026-08-06 22:47:57,384 | INFO | watchfiles.main | 1 change detected
2026-08-06 22:47:57,789 | INFO | watchfiles.main | 1 change detected
2026-08-06 22:47:58,196 | INFO | watchfiles.main | 1 change detected
2026-08-06 22:47:58,600 | INFO | watchfiles.main | 1 change detected
2026-08-06 22:47:59,005 | INFO | watchfiles.main | 1 change detected
2026-08-06 22:47:59,412 | INFO | watchfiles.main | 1 change detected
2026-08-06 22:47:59,820 | INFO | watchfiles.main | 1 change detected
2026-08-06 22:48:00,226 | INFO | watchfiles.main | 1 change detected
2026-08-06 22:48:00,633 | INFO | watchfiles.main | 1 change detected
2026-08-06 22:48:01,039 | INFO | watchfiles.main | 1 change detected
2026-08-06 22:48:01,445 | INFO | watchfiles.main | 1 change detected
2026-08-06 22:48:01,851 | INFO | watchfiles.main | 1 change detected
2026-08-06 22:48:02,256 | INFO | watchfiles.main | 1 change detected
2026-08-06 22:48:02,713 | INFO | watchfiles.main | 1 change detected
2026-08-06 22:48:03,116 | INFO | watchfiles.main | 1 change detected
2026-08-06 22:48:03,483 | INFO | watchfiles.main | 1 change detected
2026-08-06 22:48:03,890 | INFO | watchfiles.main | 1 change detected
2026-08-06 22:48:04,298 | INFO | watchfiles.main | 1 change detected
2026-08-06 22:48:04,702 | INFO | watchfiles.main | 1 change detected
2026-08-06 22:48:05,108 | INFO | watchfiles.main | 1 change detected
2026-08-06 22:48:05,510 | INFO | watchfiles.main | 1 change detected
2026-08-06 22:48:05,915 | INFO | watchfiles.main | 1 change detected
2026-08-06 22:48:06,324 | INFO | watchfiles.main | 1 change detected
2026-08-06 22:48:06,728 | INFO | watchfiles.main | 1 change detected
2026-08-06 22:48:07,135 | INFO | watchfiles.main | 1 change detected
2026-08-06 22:48:07,541 | INFO | watchfiles.main | 1 change detected
2026-08-06 22:48:07,946 | INFO | watchfiles.main | 1 change detected
2026-08-06 22:48:08,349 | INFO | watchfiles.main | 1 change detected
2026-08-06 22:48:08,755 | INFO | watchfiles.main | 1 change detected
2026-08-06 22:48:09,163 | INFO | watchfiles.main | 1 change detected
2026-08-06 22:48:09,568 | INFO | watchfiles.main | 1 change detected
2026-08-06 22:48:09,974 | INFO | watchfiles.main | 1 change detected
2026-08-06 22:48:10,381 | INFO | watchfiles.main | 1 change detected
2026-08-06 22:48:10,786 | INFO | watchfiles.main | 1 change detected
2026-08-06 22:48:11,191 | INFO | watchfiles.main | 1 change detected
2026-08-06 22:48:11,595 | INFO | watchfiles.main | 1 change detected
2026-08-06 22:48:12,000 | INFO | watchfiles.main | 1 change detected
2026-08-06 22:48:12,404 | INFO | watchfiles.main | 1 change detected
2026-08-06 22:48:12,811 | INFO | watchfiles.main | 1 change detected
2026-08-06 22:48:13,216 | INFO | watchfiles.main | 1 change detected
2026-08-06 22:48:13,622 | INFO | watchfiles.main | 1 change detected
2026-08-06 22:48:14,031 | INFO | watchfiles.main | 1 change detected
2026-08-06 22:48:14,435 | INFO | watchfiles.main | 1 change detected
2026-08-06 22:48:14,844 | INFO | watchfiles.main | 1 change detected
2026-08-06 22:48:15,297 | INFO | watchfiles.main | 1 change detected
2026-08-06 22:48:15,750 | INFO | watchfiles.main | 1 change detected
2026-08-06 22:48:16,107 | INFO | watchfiles.main | 1 change detected
2026-08-06 22:48:16,523 | INFO | watchfiles.main | 1 change detected
2026-08-06 22:48:16,936 | INFO | watchfiles.main | 1 change detected
2026-08-06 22:48:17,299 | INFO | watchfiles.main | 1 change detected
2026-08-06 22:48:17,713 | INFO | watchfiles.main | 1 change detected
2026-08-06 22:48:18,118 | INFO | watchfiles.main | 1 change detected
2026-08-06 22:48:18,522 | INFO | watchfiles.main | 1 change detected
2026-08-06 22:48:18,927 | INFO | watchfiles.main | 1 change detected
2026-08-06 22:48:19,333 | INFO | watchfiles.main | 1 change detected
2026-08-06 22:48:19,748 | INFO | watchfiles.main | 1 change detected
2026-08-06 22:48:20,155 | INFO | watchfiles.main | 1 change detected
2026-08-06 22:48:20,595 | INFO | watchfiles.main | 1 change detected
2026-08-06 22:48:21,050 | INFO | watchfiles.main | 1 change detected
2026-08-06 22:48:21,412 | INFO | watchfiles.main | 1 change detected
2026-08-06 22:48:21,826 | INFO | watchfiles.main | 1 change detected
2026-08-06 22:48:22,189 | INFO | watchfiles.main | 1 change detected
2026-08-06 22:48:22,601 | INFO | watchfiles.main | 1 change detected
2026-08-06 22:48:23,015 | INFO | watchfiles.main | 1 change detected
2026-08-06 22:48:23,376 | INFO | watchfiles.main | 1 change detected
2026-08-06 22:48:23,808 | INFO | watchfiles.main | 1 change detected
2026-08-06 22:48:24,245 | INFO | watchfiles.main | 1 change detected
2026-08-06 22:48:24,626 | INFO | watchfiles.main | 1 change detected
2026-08-06 22:48:25,038 | INFO | watchfiles.main | 1 change detected
2026-08-06 22:48:25,480 | INFO | watchfiles.main | 1 change detected
2026-08-06 22:48:25,873 | INFO | watchfiles.main | 1 change detected
2026-08-06 22:48:26,383 | INFO | watchfiles.main | 1 change detected
2026-08-06 22:48:26,790 | INFO | watchfiles.main | 1 change detected
2026-08-06 22:48:27,200 | INFO | watchfiles.main | 1 change detected
2026-08-06 22:48:27,606 | INFO | watchfiles.main | 1 change detected
2026-08-06 22:48:28,012 | INFO | watchfiles.main | 1 change detected
2026-08-06 22:48:28,419 | INFO | watchfiles.main | 1 change detected
2026-08-06 22:48:28,825 | INFO | watchfiles.main | 1 change detected
2026-08-06 22:48:29,232 | INFO | watchfiles.main | 1 change detected
2026-08-06 22:48:29,642 | INFO | watchfiles.main | 1 change detected
2026-08-06 22:48:30,048 | INFO | watchfiles.main | 1 change detected
2026-08-06 22:48:30,506 | INFO | watchfiles.main | 1 change detected
2026-08-06 22:48:30,874 | INFO | watchfiles.main | 1 change detected
2026-08-06 22:48:31,284 | INFO | watchfiles.main | 1 change detected
2026-08-06 22:48:31,691 | INFO | watchfiles.main | 1 change detected
2026-08-06 22:48:32,099 | INFO | watchfiles.main | 1 change detected
2026-08-06 22:48:32,510 | INFO | watchfiles.main | 1 change detected
2026-08-06 22:48:32,913 | INFO | watchfiles.main | 1 change detected
2026-08-06 22:48:33,323 | INFO | watchfiles.main | 1 change detected
2026-08-06 22:48:33,729 | INFO | watchfiles.main | 1 change detected
2026-08-06 22:48:34,137 | INFO | watchfiles.main | 1 change detected
2026-08-06 22:48:34,541 | INFO | watchfiles.main | 1 change detected
2026-08-06 22:48:34,948 | INFO | watchfiles.main | 1 change detected
2026-08-06 22:48:35,360 | INFO | watchfiles.main | 1 change detected
2026-08-06 22:48:35,807 | INFO | watchfiles.main | 1 change detected
2026-08-06 22:48:36,172 | INFO | watchfiles.main | 1 change detected
2026-08-06 22:48:36,631 | INFO | watchfiles.main | 1 change detected
2026-08-06 22:48:37,036 | INFO | watchfiles.main | 1 change detected
2026-08-06 22:48:37,441 | INFO | watchfiles.main | 1 change detected
2026-08-06 22:48:37,849 | INFO | watchfiles.main | 1 change detected
2026-08-06 22:48:38,252 | INFO | watchfiles.main | 1 change detected
2026-08-06 22:48:38,610 | INFO | watchfiles.main | 1 change detected
2026-08-06 22:48:39,022 | INFO | watchfiles.main | 1 change detected
2026-08-06 22:48:39,431 | INFO | watchfiles.main | 1 change detected
2026-08-06 22:48:39,838 | INFO | watchfiles.main | 1 change detected
2026-08-06 22:48:40,246 | INFO | watchfiles.main | 1 change detected
2026-08-06 22:48:40,651 | INFO | watchfiles.main | 1 change detected
2026-08-06 22:48:41,112 | INFO | watchfiles.main | 1 change detected
2026-08-06 22:48:41,515 | INFO | watchfiles.main | 1 change detected
2026-08-06 22:48:41,923 | INFO | watchfiles.main | 1 change detected
2026-08-06 22:48:42,331 | INFO | watchfiles.main | 1 change detected
2026-08-06 22:48:42,740 | INFO | watchfiles.main | 1 change detected
2026-08-06 22:48:43,149 | INFO | watchfiles.main | 1 change detected
2026-08-06 22:48:43,509 | INFO | watchfiles.main | 1 change detected
2026-08-06 22:48:43,971 | INFO | watchfiles.main | 1 change detected
2026-08-06 22:48:44,338 | INFO | watchfiles.main | 1 change detected
2026-08-06 22:48:44,757 | INFO | watchfiles.main | 1 change detected
2026-08-06 22:48:45,172 | INFO | watchfiles.main | 1 change detected
2026-08-06 22:48:45,579 | INFO | watchfiles.main | 1 change detected
2026-08-06 22:48:45,987 | INFO | watchfiles.main | 1 change detected
2026-08-06 22:48:46,395 | INFO | watchfiles.main | 1 change detected
2026-08-06 22:48:46,803 | INFO | watchfiles.main | 1 change detected
2026-08-06 22:48:47,208 | INFO | watchfiles.main | 1 change detected
2026-08-06 22:48:47,615 | INFO | watchfiles.main | 1 change detected
2026-08-06 22:48:48,021 | INFO | watchfiles.main | 1 change detected
2026-08-06 22:48:48,426 | INFO | watchfiles.main | 1 change detected
2026-08-06 22:48:48,831 | INFO | watchfiles.main | 1 change detected
2026-08-06 22:48:49,238 | INFO | watchfiles.main | 1 change detected
2026-08-06 22:48:49,642 | INFO | watchfiles.main | 1 change detected
2026-08-06 22:48:50,046 | INFO | watchfiles.main | 1 change detected
2026-08-06 22:48:50,453 | INFO | watchfiles.main | 1 change detected
2026-08-06 22:48:50,866 | INFO | watchfiles.main | 1 change detected
2026-08-06 22:48:51,230 | INFO | watchfiles.main | 1 change detected
2026-08-06 22:48:51,638 | INFO | watchfiles.main | 1 change detected
2026-08-06 22:48:52,045 | INFO | watchfiles.main | 1 change detected
2026-08-06 22:48:52,453 | INFO | watchfiles.main | 1 change detected
2026-08-06 22:48:52,858 | INFO | watchfiles.main | 1 change detected
2026-08-06 22:48:53,263 | INFO | watchfiles.main | 1 change detected
2026-08-06 22:48:53,672 | INFO | watchfiles.main | 1 change detected
2026-08-06 22:48:54,079 | INFO | watchfiles.main | 1 change detected
2026-08-06 22:48:54,484 | INFO | watchfiles.main | 1 change detected
2026-08-06 22:48:54,890 | INFO | watchfiles.main | 1 change detected
2026-08-06 22:48:55,294 | INFO | watchfiles.main | 1 change detected
2026-08-06 22:48:55,701 | INFO | watchfiles.main | 1 change detected
2026-08-06 22:48:56,107 | INFO | watchfiles.main | 1 change detected
2026-08-06 22:48:56,514 | INFO | watchfiles.main | 1 change detected
2026-08-06 22:48:56,927 | INFO | watchfiles.main | 1 change detected
2026-08-06 22:48:57,345 | INFO | watchfiles.main | 1 change detected
2026-08-06 22:48:57,753 | INFO | watchfiles.main | 1 change detected
2026-08-06 22:48:58,162 | INFO | watchfiles.main | 1 change detected
2026-08-06 22:48:58,569 | INFO | watchfiles.main | 1 change detected
2026-08-06 22:48:58,975 | INFO | watchfiles.main | 1 change detected
2026-08-06 22:48:59,384 | INFO | watchfiles.main | 1 change detected
2026-08-06 22:48:59,791 | INFO | watchfiles.main | 1 change detected
2026-08-06 22:49:00,201 | INFO | watchfiles.main | 1 change detected
2026-08-06 22:49:00,608 | INFO | watchfiles.main | 1 change detected
2026-08-06 22:49:01,014 | INFO | watchfiles.main | 1 change detected
2026-08-06 22:49:01,421 | INFO | watchfiles.main | 1 change detected
2026-08-06 22:49:01,877 | INFO | watchfiles.main | 1 change detected
2026-08-06 22:49:02,242 | INFO | watchfiles.main | 1 change detected
2026-08-06 22:49:02,652 | INFO | watchfiles.main | 1 change detected
2026-08-06 22:49:03,070 | INFO | watchfiles.main | 1 change detected
2026-08-06 22:49:03,483 | INFO | watchfiles.main | 1 change detected
2026-08-06 22:49:03,889 | INFO | watchfiles.main | 1 change detected
2026-08-06 22:49:04,295 | INFO | watchfiles.main | 1 change detected
2026-08-06 22:49:04,702 | INFO | watchfiles.main | 1 change detected
2026-08-06 22:49:05,107 | INFO | watchfiles.main | 1 change detected
2026-08-06 22:49:05,512 | INFO | watchfiles.main | 1 change detected
2026-08-06 22:49:05,922 | INFO | watchfiles.main | 1 change detected
2026-08-06 22:49:06,327 | INFO | watchfiles.main | 1 change detected
2026-08-06 22:49:06,737 | INFO | watchfiles.main | 1 change detected
2026-08-06 22:49:07,144 | INFO | watchfiles.main | 1 change detected
2026-08-06 22:49:07,550 | INFO | watchfiles.main | 1 change detected
2026-08-06 22:49:07,954 | INFO | watchfiles.main | 1 change detected
2026-08-06 22:49:08,359 | INFO | watchfiles.main | 1 change detected
2026-08-06 22:49:08,766 | INFO | watchfiles.main | 1 change detected
2026-08-06 22:49:09,184 | INFO | watchfiles.main | 1 change detected
2026-08-06 22:49:09,598 | INFO | watchfiles.main | 1 change detected
2026-08-06 22:49:10,004 | INFO | watchfiles.main | 1 change detected
2026-08-06 22:49:10,411 | INFO | watchfiles.main | 1 change detected
2026-08-06 22:49:10,817 | INFO | watchfiles.main | 1 change detected
2026-08-06 22:49:11,222 | INFO | watchfiles.main | 1 change detected
2026-08-06 22:49:11,627 | INFO | watchfiles.main | 1 change detected
2026-08-06 22:49:12,034 | INFO | watchfiles.main | 1 change detected
2026-08-06 22:49:12,440 | INFO | watchfiles.main | 1 change detected
2026-08-06 22:49:12,842 | INFO | watchfiles.main | 1 change detected
2026-08-06 22:49:13,251 | INFO | watchfiles.main | 1 change detected
2026-08-06 22:49:13,654 | INFO | watchfiles.main | 1 change detected
2026-08-06 22:49:14,061 | INFO | watchfiles.main | 1 change detected
2026-08-06 22:49:14,468 | INFO | watchfiles.main | 1 change detected
2026-08-06 22:49:14,876 | INFO | watchfiles.main | 1 change detected
2026-08-06 22:49:15,298 | INFO | watchfiles.main | 1 change detected
2026-08-06 22:49:15,704 | INFO | watchfiles.main | 1 change detected
2026-08-06 22:49:16,109 | INFO | watchfiles.main | 1 change detected
2026-08-06 22:49:16,517 | INFO | watchfiles.main | 1 change detected
2026-08-06 22:49:16,923 | INFO | watchfiles.main | 1 change detected
2026-08-06 22:49:17,331 | INFO | watchfiles.main | 1 change detected
2026-08-06 22:49:17,738 | INFO | watchfiles.main | 1 change detected
2026-08-06 22:49:18,149 | INFO | watchfiles.main | 1 change detected
2026-08-06 22:49:18,566 | INFO | watchfiles.main | 1 change detected
2026-08-06 22:49:18,972 | INFO | watchfiles.main | 1 change detected
2026-08-06 22:49:19,378 | INFO | watchfiles.main | 1 change detected
2026-08-06 22:49:19,783 | INFO | watchfiles.main | 1 change detected
2026-08-06 22:49:20,187 | INFO | watchfiles.main | 1 change detected
2026-08-06 22:49:20,593 | INFO | watchfiles.main | 1 change detected
2026-08-06 22:49:20,998 | INFO | watchfiles.main | 1 change detected
2026-08-06 22:49:21,405 | INFO | watchfiles.main | 1 change detected
2026-08-06 22:49:21,810 | INFO | watchfiles.main | 1 change detected
2026-08-06 22:49:22,217 | INFO | watchfiles.main | 1 change detected
2026-08-06 22:49:22,622 | INFO | watchfiles.main | 1 change detected
2026-08-06 22:49:23,029 | INFO | watchfiles.main | 1 change detected
2026-08-06 22:49:23,437 | INFO | watchfiles.main | 1 change detected
2026-08-06 22:49:23,844 | INFO | watchfiles.main | 1 change detected
2026-08-06 22:49:24,253 | INFO | watchfiles.main | 1 change detected
2026-08-06 22:49:24,659 | INFO | watchfiles.main | 1 change detected
2026-08-06 22:49:25,119 | INFO | watchfiles.main | 1 change detected
2026-08-06 22:49:25,483 | INFO | watchfiles.main | 1 change detected
2026-08-06 22:49:25,894 | INFO | watchfiles.main | 1 change detected
2026-08-06 22:49:26,300 | INFO | watchfiles.main | 1 change detected
2026-08-06 22:49:26,707 | INFO | watchfiles.main | 1 change detected
2026-08-06 22:49:27,113 | INFO | watchfiles.main | 1 change detected
2026-08-06 22:49:27,526 | INFO | watchfiles.main | 1 change detected
2026-08-06 22:49:27,941 | INFO | watchfiles.main | 1 change detected
2026-08-06 22:49:28,347 | INFO | watchfiles.main | 1 change detected
2026-08-06 22:49:28,754 | INFO | watchfiles.main | 1 change detected
2026-08-06 22:49:29,160 | INFO | watchfiles.main | 1 change detected
2026-08-06 22:49:29,569 | INFO | watchfiles.main | 1 change detected
2026-08-06 22:49:29,980 | INFO | watchfiles.main | 1 change detected
2026-08-06 22:49:30,389 | INFO | watchfiles.main | 1 change detected
2026-08-06 22:49:30,797 | INFO | watchfiles.main | 1 change detected
2026-08-06 22:49:31,201 | INFO | watchfiles.main | 1 change detected
2026-08-06 22:49:31,605 | INFO | watchfiles.main | 1 change detected
2026-08-06 22:49:32,009 | INFO | watchfiles.main | 1 change detected
2026-08-06 22:49:32,418 | INFO | watchfiles.main | 1 change detected
2026-08-06 22:49:32,824 | INFO | watchfiles.main | 1 change detected
2026-08-06 22:49:33,230 | INFO | watchfiles.main | 1 change detected
2026-08-06 22:49:33,641 | INFO | watchfiles.main | 1 change detected
2026-08-06 22:49:34,046 | INFO | watchfiles.main | 1 change detected
2026-08-06 22:49:34,453 | INFO | watchfiles.main | 1 change detected
2026-08-06 22:49:34,859 | INFO | watchfiles.main | 1 change detected
2026-08-06 22:49:35,263 | INFO | watchfiles.main | 1 change detected
2026-08-06 22:49:35,669 | INFO | watchfiles.main | 1 change detected
2026-08-06 22:49:36,075 | INFO | watchfiles.main | 1 change detected
2026-08-06 22:49:36,483 | INFO | watchfiles.main | 1 change detected
2026-08-06 22:49:36,891 | INFO | watchfiles.main | 1 change detected
2026-08-06 22:49:37,297 | INFO | watchfiles.main | 1 change detected
2026-08-06 22:49:37,705 | INFO | watchfiles.main | 1 change detected
2026-08-06 22:49:38,112 | INFO | watchfiles.main | 1 change detected
2026-08-06 22:49:38,519 | INFO | watchfiles.main | 1 change detected
2026-08-06 22:49:38,925 | INFO | watchfiles.main | 1 change detected
2026-08-06 22:49:39,333 | INFO | watchfiles.main | 1 change detected
2026-08-06 22:49:39,747 | INFO | watchfiles.main | 1 change detected
2026-08-06 22:49:40,149 | INFO | watchfiles.main | 1 change detected
2026-08-06 22:49:40,558 | INFO | watchfiles.main | 1 change detected
2026-08-06 22:49:40,965 | INFO | watchfiles.main | 1 change detected
2026-08-06 22:49:41,374 | INFO | watchfiles.main | 1 change detected
2026-08-06 22:49:41,782 | INFO | watchfiles.main | 1 change detected
2026-08-06 22:49:42,188 | INFO | watchfiles.main | 1 change detected
2026-08-06 22:49:42,594 | INFO | watchfiles.main | 1 change detected
2026-08-06 22:49:43,001 | INFO | watchfiles.main | 1 change detected
2026-08-06 22:49:43,408 | INFO | watchfiles.main | 1 change detected
2026-08-06 22:49:43,813 | INFO | watchfiles.main | 1 change detected
2026-08-06 22:49:44,219 | INFO | watchfiles.main | 1 change detected
2026-08-06 22:49:44,625 | INFO | watchfiles.main | 1 change detected
2026-08-06 22:49:45,030 | INFO | watchfiles.main | 1 change detected
2026-08-06 22:49:45,438 | INFO | watchfiles.main | 1 change detected
2026-08-06 22:49:45,900 | INFO | watchfiles.main | 1 change detected
2026-08-06 22:49:46,265 | INFO | watchfiles.main | 1 change detected
2026-08-06 22:49:46,675 | INFO | watchfiles.main | 1 change detected
2026-08-06 22:49:47,082 | INFO | watchfiles.main | 1 change detected
2026-08-06 22:49:47,489 | INFO | watchfiles.main | 1 change detected
2026-08-06 22:49:47,946 | INFO | watchfiles.main | 1 change detected
2026-08-06 22:49:48,352 | INFO | watchfiles.main | 1 change detected
2026-08-06 22:49:48,760 | INFO | watchfiles.main | 1 change detected
2026-08-06 22:49:49,170 | INFO | watchfiles.main | 1 change detected
2026-08-06 22:49:49,577 | INFO | watchfiles.main | 1 change detected
2026-08-06 22:49:49,982 | INFO | watchfiles.main | 1 change detected
2026-08-06 22:49:50,388 | INFO | watchfiles.main | 1 change detected
2026-08-06 22:49:50,795 | INFO | watchfiles.main | 1 change detected
2026-08-06 22:49:51,202 | INFO | watchfiles.main | 1 change detected
2026-08-06 22:49:51,610 | INFO | watchfiles.main | 1 change detected
2026-08-06 22:49:52,020 | INFO | watchfiles.main | 1 change detected
2026-08-06 22:49:52,424 | INFO | watchfiles.main | 1 change detected
2026-08-06 22:49:52,830 | INFO | watchfiles.main | 1 change detected
2026-08-06 22:49:53,237 | INFO | watchfiles.main | 1 change detected
2026-08-06 22:49:53,595 | INFO | watchfiles.main | 1 change detected
2026-08-06 22:49:54,011 | INFO | watchfiles.main | 1 change detected
2026-08-06 22:49:54,418 | INFO | watchfiles.main | 1 change detected
2026-08-06 22:49:54,822 | INFO | watchfiles.main | 1 change detected
2026-08-06 22:49:55,231 | INFO | watchfiles.main | 1 change detected
2026-08-06 22:49:55,636 | INFO | watchfiles.main | 1 change detected
2026-08-06 22:49:56,043 | INFO | watchfiles.main | 1 change detected
2026-08-06 22:49:56,447 | INFO | watchfiles.main | 1 change detected
2026-08-06 22:49:56,905 | INFO | watchfiles.main | 1 change detected
2026-08-06 22:49:57,278 | INFO | watchfiles.main | 1 change detected
2026-08-06 22:49:57,751 | INFO | watchfiles.main | 1 change detected
2026-08-06 22:49:58,111 | INFO | watchfiles.main | 1 change detected
2026-08-06 22:49:58,528 | INFO | watchfiles.main | 1 change detected
2026-08-06 22:49:58,940 | INFO | watchfiles.main | 1 change detected
2026-08-06 22:49:59,357 | INFO | watchfiles.main | 1 change detected
2026-08-06 22:49:59,764 | INFO | watchfiles.main | 1 change detected
2026-08-06 22:50:00,167 | INFO | watchfiles.main | 1 change detected
2026-08-06 22:50:00,577 | INFO | watchfiles.main | 1 change detected
2026-08-06 22:50:01,009 | INFO | watchfiles.main | 1 change detected
2026-08-06 22:50:01,436 | INFO | watchfiles.main | 1 change detected
2026-08-06 22:50:01,855 | INFO | watchfiles.main | 1 change detected
2026-08-06 22:50:02,288 | INFO | watchfiles.main | 1 change detected
2026-08-06 22:50:02,769 | INFO | watchfiles.main | 1 change detected
2026-08-06 22:50:03,211 | INFO | watchfiles.main | 1 change detected
2026-08-06 22:50:03,616 | INFO | watchfiles.main | 1 change detected
2026-08-06 22:50:04,000 | INFO | watchfiles.main | 1 change detected
2026-08-06 22:50:04,410 | INFO | watchfiles.main | 1 change detected
2026-08-06 22:50:04,817 | INFO | watchfiles.main | 1 change detected
2026-08-06 22:50:05,222 | INFO | watchfiles.main | 1 change detected
2026-08-06 22:50:05,640 | INFO | watchfiles.main | 1 change detected
2026-08-06 22:50:06,047 | INFO | watchfiles.main | 1 change detected
2026-08-06 22:50:06,454 | INFO | watchfiles.main | 1 change detected
2026-08-06 22:50:06,862 | INFO | watchfiles.main | 1 change detected
2026-08-06 22:50:07,268 | INFO | watchfiles.main | 1 change detected
2026-08-06 22:50:07,675 | INFO | watchfiles.main | 1 change detected
2026-08-06 22:50:08,080 | INFO | watchfiles.main | 1 change detected
2026-08-06 22:50:08,485 | INFO | watchfiles.main | 1 change detected
2026-08-06 22:50:08,888 | INFO | watchfiles.main | 1 change detected
2026-08-06 22:50:09,294 | INFO | watchfiles.main | 1 change detected
2026-08-06 22:50:09,749 | INFO | watchfiles.main | 1 change detected
2026-08-06 22:50:10,160 | INFO | watchfiles.main | 1 change detected
2026-08-06 22:50:10,526 | INFO | watchfiles.main | 1 change detected
2026-08-06 22:50:10,986 | INFO | watchfiles.main | 1 change detected
2026-08-06 22:50:11,353 | INFO | watchfiles.main | 1 change detected
2026-08-06 22:50:11,813 | INFO | watchfiles.main | 1 change detected
2026-08-06 22:50:12,178 | INFO | watchfiles.main | 1 change detected
2026-08-06 22:50:12,590 | INFO | watchfiles.main | 1 change detected
2026-08-06 22:50:12,997 | INFO | watchfiles.main | 1 change detected
2026-08-06 22:50:13,401 | INFO | watchfiles.main | 1 change detected
2026-08-06 22:50:13,810 | INFO | watchfiles.main | 1 change detected
2026-08-06 22:50:14,216 | INFO | watchfiles.main | 1 change detected
2026-08-06 22:50:14,624 | INFO | watchfiles.main | 1 change detected
2026-08-06 22:50:15,030 | INFO | watchfiles.main | 1 change detected
2026-08-06 22:50:15,437 | INFO | watchfiles.main | 1 change detected
2026-08-06 22:50:15,843 | INFO | watchfiles.main | 1 change detected
2026-08-06 22:50:16,253 | INFO | watchfiles.main | 1 change detected
2026-08-06 22:50:16,658 | INFO | watchfiles.main | 1 change detected
2026-08-06 22:50:17,065 | INFO | watchfiles.main | 1 change detected
2026-08-06 22:50:17,471 | INFO | watchfiles.main | 1 change detected
2026-08-06 22:50:17,876 | INFO | watchfiles.main | 1 change detected
2026-08-06 22:50:18,283 | INFO | watchfiles.main | 1 change detected
2026-08-06 22:50:18,694 | INFO | watchfiles.main | 1 change detected
2026-08-06 22:50:19,100 | INFO | watchfiles.main | 1 change detected
2026-08-06 22:50:19,510 | INFO | watchfiles.main | 1 change detected
2026-08-06 22:50:19,918 | INFO | watchfiles.main | 1 change detected
2026-08-06 22:50:20,326 | INFO | watchfiles.main | 1 change detected
2026-08-06 22:50:20,732 | INFO | watchfiles.main | 1 change detected
2026-08-06 22:50:21,137 | INFO | watchfiles.main | 1 change detected
2026-08-06 22:50:21,544 | INFO | watchfiles.main | 1 change detected
2026-08-06 22:50:21,950 | INFO | watchfiles.main | 1 change detected
2026-08-06 22:50:22,360 | INFO | watchfiles.main | 1 change detected
2026-08-06 22:50:22,765 | INFO | watchfiles.main | 1 change detected
2026-08-06 22:50:23,171 | INFO | watchfiles.main | 1 change detected
2026-08-06 22:50:23,578 | INFO | watchfiles.main | 1 change detected
2026-08-06 22:50:23,985 | INFO | watchfiles.main | 1 change detected
2026-08-06 22:50:24,391 | INFO | watchfiles.main | 1 change detected
2026-08-06 22:50:24,795 | INFO | watchfiles.main | 1 change detected
2026-08-06 22:50:25,200 | INFO | watchfiles.main | 1 change detected
2026-08-06 22:50:25,607 | INFO | watchfiles.main | 1 change detected
2026-08-06 22:50:26,015 | INFO | watchfiles.main | 1 change detected
2026-08-06 22:50:26,423 | INFO | watchfiles.main | 1 change detected
2026-08-06 22:50:26,830 | INFO | watchfiles.main | 1 change detected
2026-08-06 22:50:27,238 | INFO | watchfiles.main | 1 change detected
2026-08-06 22:50:27,646 | INFO | watchfiles.main | 1 change detected
2026-08-06 22:50:28,051 | INFO | watchfiles.main | 1 change detected
2026-08-06 22:50:28,476 | INFO | watchfiles.main | 1 change detected
2026-08-06 22:50:28,882 | INFO | watchfiles.main | 1 change detected
2026-08-06 22:50:29,290 | INFO | watchfiles.main | 1 change detected
2026-08-06 22:50:29,699 | INFO | watchfiles.main | 1 change detected
2026-08-06 22:50:30,103 | INFO | watchfiles.main | 1 change detected
2026-08-06 22:50:30,511 | INFO | watchfiles.main | 1 change detected
2026-08-06 22:50:30,918 | INFO | watchfiles.main | 1 change detected
2026-08-06 22:50:31,325 | INFO | watchfiles.main | 1 change detected
2026-08-06 22:50:31,731 | INFO | watchfiles.main | 1 change detected
2026-08-06 22:50:32,139 | INFO | watchfiles.main | 1 change detected
2026-08-06 22:50:32,550 | INFO | watchfiles.main | 1 change detected
2026-08-06 22:50:32,967 | INFO | watchfiles.main | 1 change detected
2026-08-06 22:50:33,372 | INFO | watchfiles.main | 1 change detected
2026-08-06 22:50:33,778 | INFO | watchfiles.main | 1 change detected
2026-08-06 22:50:34,185 | INFO | watchfiles.main | 1 change detected
2026-08-06 22:50:34,596 | INFO | watchfiles.main | 1 change detected
2026-08-06 22:50:35,006 | INFO | watchfiles.main | 1 change detected
2026-08-06 22:50:35,409 | INFO | watchfiles.main | 1 change detected
2026-08-06 22:50:35,816 | INFO | watchfiles.main | 1 change detected
2026-08-06 22:50:36,225 | INFO | watchfiles.main | 1 change detected
2026-08-06 22:50:36,631 | INFO | watchfiles.main | 1 change detected
2026-08-06 22:50:37,040 | INFO | watchfiles.main | 1 change detected
2026-08-06 22:50:37,448 | INFO | watchfiles.main | 1 change detected
2026-08-06 22:50:37,855 | INFO | watchfiles.main | 1 change detected
2026-08-06 22:50:38,263 | INFO | watchfiles.main | 1 change detected
2026-08-06 22:50:38,670 | INFO | watchfiles.main | 1 change detected
2026-08-06 22:50:39,075 | INFO | watchfiles.main | 1 change detected
2026-08-06 22:50:39,484 | INFO | watchfiles.main | 1 change detected
2026-08-06 22:50:39,889 | INFO | watchfiles.main | 1 change detected
2026-08-06 22:50:40,294 | INFO | watchfiles.main | 1 change detected
2026-08-06 22:50:40,703 | INFO | watchfiles.main | 1 change detected
2026-08-06 22:50:41,108 | INFO | watchfiles.main | 1 change detected
2026-08-06 22:50:41,512 | INFO | watchfiles.main | 1 change detected
2026-08-06 22:50:41,919 | INFO | watchfiles.main | 1 change detected
2026-08-06 22:50:42,326 | INFO | watchfiles.main | 1 change detected
2026-08-06 22:50:42,733 | INFO | watchfiles.main | 1 change detected
2026-08-06 22:50:43,137 | INFO | watchfiles.main | 1 change detected
2026-08-06 22:50:43,545 | INFO | watchfiles.main | 1 change detected
2026-08-06 22:50:43,950 | INFO | watchfiles.main | 1 change detected
2026-08-06 22:50:44,356 | INFO | watchfiles.main | 1 change detected
2026-08-06 22:50:44,764 | INFO | watchfiles.main | 1 change detected
2026-08-06 22:50:45,172 | INFO | watchfiles.main | 1 change detected
2026-08-06 22:50:45,580 | INFO | watchfiles.main | 1 change detected
2026-08-06 22:50:45,987 | INFO | watchfiles.main | 1 change detected
2026-08-06 22:50:46,395 | INFO | watchfiles.main | 1 change detected
2026-08-06 22:50:46,805 | INFO | watchfiles.main | 1 change detected
2026-08-06 22:50:47,209 | INFO | watchfiles.main | 1 change detected
2026-08-06 22:50:47,618 | INFO | watchfiles.main | 1 change detected
2026-08-06 22:50:48,026 | INFO | watchfiles.main | 1 change detected
2026-08-06 22:50:48,433 | INFO | watchfiles.main | 1 change detected
2026-08-06 22:50:48,839 | INFO | watchfiles.main | 1 change detected
2026-08-06 22:50:49,248 | INFO | watchfiles.main | 1 change detected
2026-08-06 22:50:49,654 | INFO | watchfiles.main | 1 change detected
2026-08-06 22:50:50,060 | INFO | watchfiles.main | 1 change detected
2026-08-06 22:50:50,467 | INFO | watchfiles.main | 1 change detected
2026-08-06 22:50:50,873 | INFO | watchfiles.main | 1 change detected
2026-08-06 22:50:51,279 | INFO | watchfiles.main | 1 change detected
2026-08-06 22:50:51,685 | INFO | watchfiles.main | 1 change detected
2026-08-06 22:50:52,094 | INFO | watchfiles.main | 1 change detected
2026-08-06 22:50:52,499 | INFO | watchfiles.main | 1 change detected
2026-08-06 22:50:52,960 | INFO | watchfiles.main | 1 change detected
2026-08-06 22:50:53,329 | INFO | watchfiles.main | 1 change detected
2026-08-06 22:50:53,736 | INFO | watchfiles.main | 1 change detected
2026-08-06 22:50:54,191 | INFO | watchfiles.main | 1 change detected
2026-08-06 22:50:54,608 | INFO | watchfiles.main | 1 change detected
2026-08-06 22:50:55,014 | INFO | watchfiles.main | 1 change detected
2026-08-06 22:50:55,422 | INFO | watchfiles.main | 1 change detected
2026-08-06 22:50:55,829 | INFO | watchfiles.main | 1 change detected
2026-08-06 22:50:56,235 | INFO | watchfiles.main | 1 change detected
2026-08-06 22:50:56,643 | INFO | watchfiles.main | 1 change detected
2026-08-06 22:50:57,049 | INFO | watchfiles.main | 1 change detected
2026-08-06 22:50:57,458 | INFO | watchfiles.main | 1 change detected
2026-08-06 22:50:57,864 | INFO | watchfiles.main | 1 change detected
2026-08-06 22:50:58,272 | INFO | watchfiles.main | 1 change detected
2026-08-06 22:50:58,677 | INFO | watchfiles.main | 1 change detected
2026-08-06 22:50:59,082 | INFO | watchfiles.main | 1 change detected
2026-08-06 22:50:59,487 | INFO | watchfiles.main | 1 change detected
2026-08-06 22:50:59,896 | INFO | watchfiles.main | 1 change detected
2026-08-06 22:51:00,304 | INFO | watchfiles.main | 1 change detected
2026-08-06 22:51:00,708 | INFO | watchfiles.main | 1 change detected
2026-08-06 22:51:01,116 | INFO | watchfiles.main | 1 change detected
2026-08-06 22:51:01,525 | INFO | watchfiles.main | 1 change detected
2026-08-06 22:51:01,934 | INFO | watchfiles.main | 1 change detected
2026-08-06 22:51:02,345 | INFO | watchfiles.main | 1 change detected
2026-08-06 22:51:02,751 | INFO | watchfiles.main | 1 change detected
2026-08-06 22:51:03,156 | INFO | watchfiles.main | 1 change detected
2026-08-06 22:51:03,559 | INFO | watchfiles.main | 1 change detected
2026-08-06 22:51:03,967 | INFO | watchfiles.main | 1 change detected
2026-08-06 22:51:04,374 | INFO | watchfiles.main | 1 change detected
2026-08-06 22:51:04,782 | INFO | watchfiles.main | 1 change detected
2026-08-06 22:51:05,189 | INFO | watchfiles.main | 1 change detected
2026-08-06 22:51:05,597 | INFO | watchfiles.main | 1 change detected
2026-08-06 22:51:06,005 | INFO | watchfiles.main | 1 change detected
2026-08-06 22:51:06,411 | INFO | watchfiles.main | 1 change detected
2026-08-06 22:51:06,819 | INFO | watchfiles.main | 1 change detected
2026-08-06 22:51:07,228 | INFO | watchfiles.main | 1 change detected
2026-08-06 22:51:07,632 | INFO | watchfiles.main | 1 change detected
2026-08-06 22:51:08,041 | INFO | watchfiles.main | 1 change detected
2026-08-06 22:51:08,447 | INFO | watchfiles.main | 1 change detected
2026-08-06 22:51:08,855 | INFO | watchfiles.main | 1 change detected
2026-08-06 22:51:09,263 | INFO | watchfiles.main | 1 change detected
2026-08-06 22:51:09,669 | INFO | watchfiles.main | 1 change detected
2026-08-06 22:51:10,078 | INFO | watchfiles.main | 1 change detected
2026-08-06 22:51:10,483 | INFO | watchfiles.main | 1 change detected
2026-08-06 22:51:10,891 | INFO | watchfiles.main | 1 change detected
2026-08-06 22:51:11,255 | INFO | watchfiles.main | 1 change detected
2026-08-06 22:51:11,672 | INFO | watchfiles.main | 1 change detected
2026-08-06 22:51:12,080 | INFO | watchfiles.main | 1 change detected
2026-08-06 22:51:12,486 | INFO | watchfiles.main | 1 change detected
2026-08-06 22:51:12,895 | INFO | watchfiles.main | 1 change detected
2026-08-06 22:51:13,302 | INFO | watchfiles.main | 1 change detected
2026-08-06 22:51:13,711 | INFO | watchfiles.main | 1 change detected
2026-08-06 22:51:14,119 | INFO | watchfiles.main | 1 change detected
2026-08-06 22:51:14,579 | INFO | watchfiles.main | 1 change detected
2026-08-06 22:51:14,984 | INFO | watchfiles.main | 1 change detected
2026-08-06 22:51:15,390 | INFO | watchfiles.main | 1 change detected
2026-08-06 22:51:15,797 | INFO | watchfiles.main | 1 change detected
2026-08-06 22:51:16,207 | INFO | watchfiles.main | 1 change detected
2026-08-06 22:51:16,610 | INFO | watchfiles.main | 1 change detected
2026-08-06 22:51:17,017 | INFO | watchfiles.main | 1 change detected
2026-08-06 22:51:17,431 | INFO | watchfiles.main | 1 change detected
2026-08-06 22:51:17,833 | INFO | watchfiles.main | 1 change detected
2026-08-06 22:51:18,240 | INFO | watchfiles.main | 1 change detected
2026-08-06 22:51:18,648 | INFO | watchfiles.main | 1 change detected
2026-08-06 22:51:19,051 | INFO | watchfiles.main | 1 change detected
2026-08-06 22:51:19,456 | INFO | watchfiles.main | 1 change detected
2026-08-06 22:51:19,912 | INFO | watchfiles.main | 1 change detected
2026-08-06 22:51:20,317 | INFO | watchfiles.main | 1 change detected
2026-08-06 22:51:20,724 | INFO | watchfiles.main | 1 change detected
2026-08-06 22:51:21,129 | INFO | watchfiles.main | 1 change detected
2026-08-06 22:51:21,539 | INFO | watchfiles.main | 1 change detected
2026-08-06 22:51:21,946 | INFO | watchfiles.main | 1 change detected
2026-08-06 22:51:22,353 | INFO | watchfiles.main | 1 change detected
2026-08-06 22:51:22,758 | INFO | watchfiles.main | 1 change detected
2026-08-06 22:51:23,167 | INFO | watchfiles.main | 1 change detected
2026-08-06 22:51:23,578 | INFO | watchfiles.main | 1 change detected
2026-08-06 22:51:23,982 | INFO | watchfiles.main | 1 change detected
2026-08-06 22:51:24,393 | INFO | watchfiles.main | 1 change detected
2026-08-06 22:51:24,798 | INFO | watchfiles.main | 1 change detected
2026-08-06 22:51:25,205 | INFO | watchfiles.main | 1 change detected
2026-08-06 22:51:25,612 | INFO | watchfiles.main | 1 change detected
2026-08-06 22:51:26,023 | INFO | watchfiles.main | 1 change detected
2026-08-06 22:51:26,430 | INFO | watchfiles.main | 1 change detected
2026-08-06 22:51:26,836 | INFO | watchfiles.main | 1 change detected
2026-08-06 22:51:27,246 | INFO | watchfiles.main | 1 change detected
2026-08-06 22:51:27,652 | INFO | watchfiles.main | 1 change detected
2026-08-06 22:51:28,060 | INFO | watchfiles.main | 1 change detected
2026-08-06 22:51:28,463 | INFO | watchfiles.main | 1 change detected
2026-08-06 22:51:28,871 | INFO | watchfiles.main | 1 change detected
2026-08-06 22:51:29,278 | INFO | watchfiles.main | 1 change detected
2026-08-06 22:51:29,687 | INFO | watchfiles.main | 1 change detected
2026-08-06 22:51:30,097 | INFO | watchfiles.main | 1 change detected
2026-08-06 22:51:30,501 | INFO | watchfiles.main | 1 change detected
2026-08-06 22:51:30,909 | INFO | watchfiles.main | 1 change detected
2026-08-06 22:51:31,315 | INFO | watchfiles.main | 1 change detected
2026-08-06 22:51:31,723 | INFO | watchfiles.main | 1 change detected
2026-08-06 22:51:32,128 | INFO | watchfiles.main | 1 change detected
2026-08-06 22:51:32,533 | INFO | watchfiles.main | 1 change detected
2026-08-06 22:51:32,941 | INFO | watchfiles.main | 1 change detected
2026-08-06 22:51:33,346 | INFO | watchfiles.main | 1 change detected
2026-08-06 22:51:33,717 | INFO | watchfiles.main | 1 change detected
2026-08-06 22:51:34,175 | INFO | watchfiles.main | 1 change detected
2026-08-06 22:51:34,578 | INFO | watchfiles.main | 1 change detected
2026-08-06 22:51:34,983 | INFO | watchfiles.main | 1 change detected
2026-08-06 22:51:35,388 | INFO | watchfiles.main | 1 change detected
2026-08-06 22:51:35,795 | INFO | watchfiles.main | 1 change detected
2026-08-06 22:51:36,202 | INFO | watchfiles.main | 1 change detected
2026-08-06 22:51:36,607 | INFO | watchfiles.main | 1 change detected
2026-08-06 22:51:37,014 | INFO | watchfiles.main | 1 change detected
2026-08-06 22:51:37,419 | INFO | watchfiles.main | 1 change detected
2026-08-06 22:51:37,828 | INFO | watchfiles.main | 1 change detected
2026-08-06 22:51:38,235 | INFO | watchfiles.main | 1 change detected
2026-08-06 22:51:38,643 | INFO | watchfiles.main | 1 change detected
2026-08-06 22:51:39,050 | INFO | watchfiles.main | 1 change detected
2026-08-06 22:51:39,454 | INFO | watchfiles.main | 1 change detected
2026-08-06 22:51:39,861 | INFO | watchfiles.main | 1 change detected
2026-08-06 22:51:40,268 | INFO | watchfiles.main | 1 change detected
2026-08-06 22:51:40,673 | INFO | watchfiles.main | 1 change detected
2026-08-06 22:51:41,078 | INFO | watchfiles.main | 1 change detected
2026-08-06 22:51:41,485 | INFO | watchfiles.main | 1 change detected
2026-08-06 22:51:41,894 | INFO | watchfiles.main | 1 change detected
2026-08-06 22:51:42,299 | INFO | watchfiles.main | 1 change detected
2026-08-06 22:51:42,705 | INFO | watchfiles.main | 1 change detected
2026-08-06 22:51:43,112 | INFO | watchfiles.main | 1 change detected
2026-08-06 22:51:43,520 | INFO | watchfiles.main | 1 change detected
2026-08-06 22:51:43,937 | INFO | watchfiles.main | 1 change detected
2026-08-06 22:51:44,344 | INFO | watchfiles.main | 1 change detected
2026-08-06 22:51:44,750 | INFO | watchfiles.main | 1 change detected
2026-08-06 22:51:45,156 | INFO | watchfiles.main | 1 change detected
2026-08-06 22:51:45,613 | INFO | watchfiles.main | 1 change detected
2026-08-06 22:51:45,979 | INFO | watchfiles.main | 1 change detected
2026-08-06 22:51:46,390 | INFO | watchfiles.main | 1 change detected
2026-08-06 22:51:46,799 | INFO | watchfiles.main | 1 change detected
2026-08-06 22:51:47,209 | INFO | watchfiles.main | 1 change detected
2026-08-06 22:51:47,614 | INFO | watchfiles.main | 1 change detected
2026-08-06 22:51:48,047 | INFO | watchfiles.main | 1 change detected
2026-08-06 22:51:48,461 | INFO | watchfiles.main | 1 change detected
2026-08-06 22:51:48,869 | INFO | watchfiles.main | 1 change detected
2026-08-06 22:51:49,279 | INFO | watchfiles.main | 1 change detected
2026-08-06 22:51:49,685 | INFO | watchfiles.main | 1 change detected
2026-08-06 22:51:50,093 | INFO | watchfiles.main | 1 change detected
2026-08-06 22:51:50,501 | INFO | watchfiles.main | 1 change detected
2026-08-06 22:51:50,908 | INFO | watchfiles.main | 1 change detected
2026-08-06 22:51:51,317 | INFO | watchfiles.main | 1 change detected
2026-08-06 22:51:51,722 | INFO | watchfiles.main | 1 change detected
2026-08-06 22:51:52,129 | INFO | watchfiles.main | 1 change detected
2026-08-06 22:51:52,551 | INFO | watchfiles.main | 1 change detected
2026-08-06 22:51:52,958 | INFO | watchfiles.main | 1 change detected
2026-08-06 22:51:53,366 | INFO | watchfiles.main | 1 change detected
2026-08-06 22:51:53,779 | INFO | watchfiles.main | 1 change detected
2026-08-06 22:51:54,196 | INFO | watchfiles.main | 1 change detected
2026-08-06 22:51:54,609 | INFO | watchfiles.main | 1 change detected
2026-08-06 22:51:55,018 | INFO | watchfiles.main | 1 change detected
2026-08-06 22:51:55,425 | INFO | watchfiles.main | 1 change detected
2026-08-06 22:51:55,833 | INFO | watchfiles.main | 1 change detected
2026-08-06 22:51:56,241 | INFO | watchfiles.main | 1 change detected
2026-08-06 22:51:56,648 | INFO | watchfiles.main | 1 change detected
2026-08-06 22:51:57,055 | INFO | watchfiles.main | 1 change detected
2026-08-06 22:51:57,462 | INFO | watchfiles.main | 1 change detected
2026-08-06 22:51:57,868 | INFO | watchfiles.main | 1 change detected
2026-08-06 22:51:58,275 | INFO | watchfiles.main | 1 change detected
2026-08-06 22:51:58,682 | INFO | watchfiles.main | 1 change detected
2026-08-06 22:51:59,088 | INFO | watchfiles.main | 1 change detected
2026-08-06 22:51:59,494 | INFO | watchfiles.main | 1 change detected
2026-08-06 22:51:59,901 | INFO | watchfiles.main | 1 change detected
2026-08-06 22:52:00,314 | INFO | watchfiles.main | 1 change detected
2026-08-06 22:52:00,720 | INFO | watchfiles.main | 1 change detected
2026-08-06 22:52:01,127 | INFO | watchfiles.main | 1 change detected
2026-08-06 22:52:01,531 | INFO | watchfiles.main | 1 change detected
2026-08-06 22:52:01,939 | INFO | watchfiles.main | 1 change detected
2026-08-06 22:52:02,346 | INFO | watchfiles.main | 1 change detected
2026-08-06 22:52:02,804 | INFO | watchfiles.main | 1 change detected
2026-08-06 22:52:03,207 | INFO | watchfiles.main | 1 change detected
2026-08-06 22:52:03,615 | INFO | watchfiles.main | 1 change detected
2026-08-06 22:52:04,023 | INFO | watchfiles.main | 1 change detected
2026-08-06 22:52:04,433 | INFO | watchfiles.main | 1 change detected
2026-08-06 22:52:04,839 | INFO | watchfiles.main | 1 change detected
2026-08-06 22:52:05,195 | INFO | watchfiles.main | 1 change detected
2026-08-06 22:52:05,655 | INFO | watchfiles.main | 1 change detected
2026-08-06 22:52:06,057 | INFO | watchfiles.main | 1 change detected
2026-08-06 22:52:06,468 | INFO | watchfiles.main | 1 change detected
2026-08-06 22:52:06,873 | INFO | watchfiles.main | 1 change detected
2026-08-06 22:52:07,280 | INFO | watchfiles.main | 1 change detected
2026-08-06 22:52:07,685 | INFO | watchfiles.main | 1 change detected
2026-08-06 22:52:08,091 | INFO | watchfiles.main | 1 change detected
2026-08-06 22:52:08,451 | INFO | watchfiles.main | 1 change detected
2026-08-06 22:52:08,861 | INFO | watchfiles.main | 1 change detected
2026-08-06 22:52:09,274 | INFO | watchfiles.main | 1 change detected
2026-08-06 22:52:09,697 | INFO | watchfiles.main | 1 change detected
2026-08-06 22:52:10,112 | INFO | watchfiles.main | 1 change detected
2026-08-06 22:52:10,519 | INFO | watchfiles.main | 1 change detected
2026-08-06 22:52:10,928 | INFO | watchfiles.main | 1 change detected
2026-08-06 22:52:11,337 | INFO | watchfiles.main | 1 change detected
2026-08-06 22:52:11,746 | INFO | watchfiles.main | 1 change detected
2026-08-06 22:52:12,152 | INFO | watchfiles.main | 1 change detected
2026-08-06 22:52:12,612 | INFO | watchfiles.main | 1 change detected
2026-08-06 22:52:13,029 | INFO | watchfiles.main | 1 change detected
2026-08-06 22:52:13,433 | INFO | watchfiles.main | 1 change detected
2026-08-06 22:52:13,839 | INFO | watchfiles.main | 1 change detected
2026-08-06 22:52:14,249 | INFO | watchfiles.main | 1 change detected
2026-08-06 22:52:14,654 | INFO | watchfiles.main | 1 change detected
2026-08-06 22:52:15,058 | INFO | watchfiles.main | 1 change detected
2026-08-06 22:52:15,481 | INFO | watchfiles.main | 1 change detected
2026-08-06 22:52:15,885 | INFO | watchfiles.main | 1 change detected
2026-08-06 22:52:16,290 | INFO | watchfiles.main | 1 change detected
2026-08-06 22:52:16,696 | INFO | watchfiles.main | 1 change detected
2026-08-06 22:52:17,102 | INFO | watchfiles.main | 1 change detected
2026-08-06 22:52:17,510 | INFO | watchfiles.main | 1 change detected
2026-08-06 22:52:17,916 | INFO | watchfiles.main | 1 change detected
2026-08-06 22:52:18,324 | INFO | watchfiles.main | 1 change detected
2026-08-06 22:52:18,732 | INFO | watchfiles.main | 1 change detected
2026-08-06 22:52:19,141 | INFO | watchfiles.main | 1 change detected
2026-08-06 22:52:19,555 | INFO | watchfiles.main | 1 change detected
2026-08-06 22:52:19,969 | INFO | watchfiles.main | 1 change detected
2026-08-06 22:52:20,374 | INFO | watchfiles.main | 1 change detected
2026-08-06 22:52:20,780 | INFO | watchfiles.main | 1 change detected
2026-08-06 22:52:21,187 | INFO | watchfiles.main | 1 change detected
2026-08-06 22:52:21,591 | INFO | watchfiles.main | 1 change detected
2026-08-06 22:52:21,997 | INFO | watchfiles.main | 1 change detected
2026-08-06 22:52:22,403 | INFO | watchfiles.main | 1 change detected
2026-08-06 22:52:22,811 | INFO | watchfiles.main | 1 change detected
2026-08-06 22:52:23,218 | INFO | watchfiles.main | 1 change detected
2026-08-06 22:52:23,625 | INFO | watchfiles.main | 1 change detected
2026-08-06 22:52:24,033 | INFO | watchfiles.main | 1 change detected
2026-08-06 22:52:24,441 | INFO | watchfiles.main | 1 change detected
2026-08-06 22:52:24,898 | INFO | watchfiles.main | 1 change detected
2026-08-06 22:52:25,265 | INFO | watchfiles.main | 1 change detected
2026-08-06 22:52:25,674 | INFO | watchfiles.main | 1 change detected
2026-08-06 22:52:26,078 | INFO | watchfiles.main | 1 change detected
2026-08-06 22:52:26,483 | INFO | watchfiles.main | 1 change detected
2026-08-06 22:52:26,891 | INFO | watchfiles.main | 1 change detected
2026-08-06 22:52:27,297 | INFO | watchfiles.main | 1 change detected
2026-08-06 22:52:27,705 | INFO | watchfiles.main | 1 change detected
2026-08-06 22:52:28,109 | INFO | watchfiles.main | 1 change detected
2026-08-06 22:52:28,567 | INFO | watchfiles.main | 1 change detected
2026-08-06 22:52:28,970 | INFO | watchfiles.main | 1 change detected
2026-08-06 22:52:29,375 | INFO | watchfiles.main | 1 change detected
2026-08-06 22:52:29,781 | INFO | watchfiles.main | 1 change detected
2026-08-06 22:52:30,190 | INFO | watchfiles.main | 1 change detected
2026-08-06 22:52:30,600 | INFO | watchfiles.main | 1 change detected
2026-08-06 22:52:31,009 | INFO | watchfiles.main | 1 change detected
2026-08-06 22:52:31,416 | INFO | watchfiles.main | 1 change detected
2026-08-06 22:52:31,824 | INFO | watchfiles.main | 1 change detected
2026-08-06 22:52:32,230 | INFO | watchfiles.main | 1 change detected
2026-08-06 22:52:32,639 | INFO | watchfiles.main | 1 change detected
2026-08-06 22:52:33,046 | INFO | watchfiles.main | 1 change detected
2026-08-06 22:52:33,453 | INFO | watchfiles.main | 1 change detected
2026-08-06 22:52:33,864 | INFO | watchfiles.main | 1 change detected
2026-08-06 22:52:34,269 | INFO | watchfiles.main | 1 change detected
2026-08-06 22:52:34,674 | INFO | watchfiles.main | 1 change detected
2026-08-06 22:52:35,079 | INFO | watchfiles.main | 1 change detected
2026-08-06 22:52:35,485 | INFO | watchfiles.main | 1 change detected
2026-08-06 22:52:35,890 | INFO | watchfiles.main | 1 change detected
2026-08-06 22:52:36,297 | INFO | watchfiles.main | 1 change detected
2026-08-06 22:52:36,705 | INFO | watchfiles.main | 1 change detected
2026-08-06 22:52:37,122 | INFO | watchfiles.main | 1 change detected
2026-08-06 22:52:37,484 | INFO | watchfiles.main | 1 change detected
2026-08-06 22:52:37,894 | INFO | watchfiles.main | 1 change detected
2026-08-06 22:52:38,299 | INFO | watchfiles.main | 1 change detected
2026-08-06 22:52:38,705 | INFO | watchfiles.main | 1 change detected
2026-08-06 22:52:39,161 | INFO | watchfiles.main | 1 change detected
2026-08-06 22:52:39,566 | INFO | watchfiles.main | 1 change detected
2026-08-06 22:52:39,972 | INFO | watchfiles.main | 1 change detected
2026-08-06 22:52:40,384 | INFO | watchfiles.main | 1 change detected
2026-08-06 22:52:40,800 | INFO | watchfiles.main | 1 change detected
2026-08-06 22:52:41,209 | INFO | watchfiles.main | 1 change detected
2026-08-06 22:52:41,615 | INFO | watchfiles.main | 1 change detected
2026-08-06 22:52:41,975 | INFO | watchfiles.main | 1 change detected
2026-08-06 22:52:42,435 | INFO | watchfiles.main | 1 change detected
2026-08-06 22:52:42,838 | INFO | watchfiles.main | 1 change detected
2026-08-06 22:52:43,246 | INFO | watchfiles.main | 1 change detected
2026-08-06 22:52:43,652 | INFO | watchfiles.main | 1 change detected
2026-08-06 22:52:44,061 | INFO | watchfiles.main | 1 change detected
2026-08-06 22:52:44,467 | INFO | watchfiles.main | 1 change detected
2026-08-06 22:52:44,874 | INFO | watchfiles.main | 1 change detected
2026-08-06 22:52:45,282 | INFO | watchfiles.main | 1 change detected
2026-08-06 22:52:45,688 | INFO | watchfiles.main | 1 change detected
2026-08-06 22:52:46,098 | INFO | watchfiles.main | 1 change detected
2026-08-06 22:52:46,503 | INFO | watchfiles.main | 1 change detected
2026-08-06 22:52:46,909 | INFO | watchfiles.main | 1 change detected
2026-08-06 22:52:47,316 | INFO | watchfiles.main | 1 change detected
2026-08-06 22:52:47,722 | INFO | watchfiles.main | 1 change detected
2026-08-06 22:52:48,131 | INFO | watchfiles.main | 1 change detected
2026-08-06 22:52:48,589 | INFO | watchfiles.main | 1 change detected
2026-08-06 22:52:48,993 | INFO | watchfiles.main | 1 change detected
2026-08-06 22:52:49,365 | INFO | watchfiles.main | 1 change detected
2026-08-06 22:52:49,776 | INFO | watchfiles.main | 1 change detected
2026-08-06 22:52:50,187 | INFO | watchfiles.main | 1 change detected
2026-08-06 22:52:50,609 | INFO | watchfiles.main | 1 change detected
2026-08-06 22:52:51,023 | INFO | watchfiles.main | 1 change detected
2026-08-06 22:52:51,433 | INFO | watchfiles.main | 1 change detected
2026-08-06 22:52:51,838 | INFO | watchfiles.main | 1 change detected
2026-08-06 22:52:52,247 | INFO | watchfiles.main | 1 change detected
2026-08-06 22:52:52,654 | INFO | watchfiles.main | 1 change detected
2026-08-06 22:52:53,064 | INFO | watchfiles.main | 1 change detected
2026-08-06 22:52:53,468 | INFO | watchfiles.main | 1 change detected
2026-08-06 22:52:53,872 | INFO | watchfiles.main | 1 change detected
2026-08-06 22:52:54,280 | INFO | watchfiles.main | 1 change detected
2026-08-06 22:52:54,687 | INFO | watchfiles.main | 1 change detected
2026-08-06 22:52:55,099 | INFO | watchfiles.main | 1 change detected
2026-08-06 22:52:55,504 | INFO | watchfiles.main | 1 change detected
2026-08-06 22:52:55,911 | INFO | watchfiles.main | 1 change detected
2026-08-06 22:52:56,319 | INFO | watchfiles.main | 1 change detected
2026-08-06 22:52:56,729 | INFO | watchfiles.main | 1 change detected
2026-08-06 22:52:57,132 | INFO | watchfiles.main | 1 change detected
2026-08-06 22:52:57,536 | INFO | watchfiles.main | 1 change detected
2026-08-06 22:52:57,943 | INFO | watchfiles.main | 1 change detected
2026-08-06 22:52:58,352 | INFO | watchfiles.main | 1 change detected
2026-08-06 22:52:58,758 | INFO | watchfiles.main | 1 change detected
2026-08-06 22:52:59,164 | INFO | watchfiles.main | 1 change detected
2026-08-06 22:53:00,282 | INFO | watchfiles.main | 1 change detected
2026-08-06 22:53:00,637 | INFO | watchfiles.main | 1 change detected
2026-08-06 22:53:01,047 | INFO | watchfiles.main | 1 change detected
2026-08-06 22:53:01,458 | INFO | watchfiles.main | 1 change detected
2026-08-06 22:53:01,863 | INFO | watchfiles.main | 1 change detected
2026-08-06 22:53:02,271 | INFO | watchfiles.main | 1 change detected
2026-08-06 22:53:02,677 | INFO | watchfiles.main | 1 change detected
2026-08-06 22:53:03,087 | INFO | watchfiles.main | 1 change detected
2026-08-06 22:53:03,495 | INFO | watchfiles.main | 1 change detected
2026-08-06 22:53:03,901 | INFO | watchfiles.main | 1 change detected
2026-08-06 22:53:04,312 | INFO | watchfiles.main | 1 change detected
2026-08-06 22:53:04,680 | INFO | watchfiles.main | 1 change detected
2026-08-06 22:53:05,142 | INFO | watchfiles.main | 1 change detected
2026-08-06 22:53:05,544 | INFO | watchfiles.main | 1 change detected
2026-08-06 22:53:05,901 | INFO | watchfiles.main | 1 change detected
2026-08-06 22:53:06,309 | INFO | watchfiles.main | 1 change detected
2026-08-06 22:53:06,717 | INFO | watchfiles.main | 1 change detected
2026-08-06 22:53:07,179 | INFO | watchfiles.main | 1 change detected
2026-08-06 22:53:07,546 | INFO | watchfiles.main | 1 change detected
2026-08-06 22:53:08,006 | INFO | watchfiles.main | 1 change detected
2026-08-06 22:53:08,410 | INFO | watchfiles.main | 1 change detected
2026-08-06 22:53:08,817 | INFO | watchfiles.main | 1 change detected
2026-08-06 22:53:09,223 | INFO | watchfiles.main | 1 change detected
2026-08-06 22:53:09,629 | INFO | watchfiles.main | 1 change detected
2026-08-06 22:53:10,035 | INFO | watchfiles.main | 1 change detected
2026-08-06 22:53:10,442 | INFO | watchfiles.main | 1 change detected
2026-08-06 22:53:10,849 | INFO | watchfiles.main | 1 change detected
2026-08-06 22:53:11,210 | INFO | watchfiles.main | 1 change detected
2026-08-06 22:53:11,622 | INFO | watchfiles.main | 1 change detected
2026-08-06 22:53:12,030 | INFO | watchfiles.main | 1 change detected
2026-08-06 22:53:12,434 | INFO | watchfiles.main | 1 change detected
2026-08-06 22:53:12,844 | INFO | watchfiles.main | 1 change detected
2026-08-06 22:53:13,303 | INFO | watchfiles.main | 1 change detected
2026-08-06 22:53:13,709 | INFO | watchfiles.main | 1 change detected
2026-08-06 22:53:14,116 | INFO | watchfiles.main | 1 change detected
2026-08-06 22:53:14,476 | INFO | watchfiles.main | 1 change detected
2026-08-06 22:53:14,886 | INFO | watchfiles.main | 1 change detected
2026-08-06 22:53:15,347 | INFO | watchfiles.main | 1 change detected
2026-08-06 22:53:15,750 | INFO | watchfiles.main | 1 change detected
2026-08-06 22:53:16,158 | INFO | watchfiles.main | 1 change detected
2026-08-06 22:53:16,567 | INFO | watchfiles.main | 1 change detected
2026-08-06 22:53:16,974 | INFO | watchfiles.main | 1 change detected
2026-08-06 22:53:17,381 | INFO | watchfiles.main | 1 change detected
2026-08-06 22:53:17,790 | INFO | watchfiles.main | 1 change detected
2026-08-06 22:53:18,198 | INFO | watchfiles.main | 1 change detected
2026-08-06 22:53:18,604 | INFO | watchfiles.main | 1 change detected
2026-08-06 22:53:19,012 | INFO | watchfiles.main | 1 change detected
2026-08-06 22:53:19,418 | INFO | watchfiles.main | 1 change detected
2026-08-06 22:53:19,828 | INFO | watchfiles.main | 1 change detected
2026-08-06 22:53:20,234 | INFO | watchfiles.main | 1 change detected
2026-08-06 22:53:20,641 | INFO | watchfiles.main | 1 change detected
2026-08-06 22:53:21,048 | INFO | watchfiles.main | 1 change detected
2026-08-06 22:53:21,458 | INFO | watchfiles.main | 1 change detected
2026-08-06 22:53:21,867 | INFO | watchfiles.main | 1 change detected
2026-08-06 22:53:22,275 | INFO | watchfiles.main | 1 change detected
2026-08-06 22:53:22,686 | INFO | watchfiles.main | 1 change detected
2026-08-06 22:53:23,091 | INFO | watchfiles.main | 1 change detected
2026-08-06 22:53:23,497 | INFO | watchfiles.main | 1 change detected
2026-08-06 22:53:23,904 | INFO | watchfiles.main | 1 change detected
2026-08-06 22:53:24,309 | INFO | watchfiles.main | 1 change detected
2026-08-06 22:53:24,715 | INFO | watchfiles.main | 1 change detected
2026-08-06 22:53:25,129 | INFO | watchfiles.main | 1 change detected
2026-08-06 22:53:25,542 | INFO | watchfiles.main | 1 change detected
2026-08-06 22:53:26,053 | INFO | watchfiles.main | 1 change detected
2026-08-06 22:53:26,418 | INFO | watchfiles.main | 1 change detected
2026-08-06 22:53:26,830 | INFO | watchfiles.main | 1 change detected
2026-08-06 22:53:27,236 | INFO | watchfiles.main | 1 change detected
2026-08-06 22:53:27,642 | INFO | watchfiles.main | 1 change detected
2026-08-06 22:53:28,048 | INFO | watchfiles.main | 1 change detected
2026-08-06 22:53:28,506 | INFO | watchfiles.main | 1 change detected
2026-08-06 22:53:28,874 | INFO | watchfiles.main | 1 change detected
2026-08-06 22:53:29,334 | INFO | watchfiles.main | 1 change detected
2026-08-06 22:53:29,690 | INFO | watchfiles.main | 1 change detected
2026-08-06 22:53:30,108 | INFO | watchfiles.main | 1 change detected
2026-08-06 22:53:30,520 | INFO | watchfiles.main | 1 change detected
2026-08-06 22:53:30,929 | INFO | watchfiles.main | 1 change detected
2026-08-06 22:53:31,339 | INFO | watchfiles.main | 1 change detected
2026-08-06 22:53:31,701 | INFO | watchfiles.main | 1 change detected
2026-08-06 22:53:32,169 | INFO | watchfiles.main | 1 change detected
2026-08-06 22:53:32,578 | INFO | watchfiles.main | 1 change detected
2026-08-06 22:53:32,941 | INFO | watchfiles.main | 1 change detected
2026-08-06 22:53:33,357 | INFO | watchfiles.main | 1 change detected
2026-08-06 22:53:33,766 | INFO | watchfiles.main | 1 change detected
2026-08-06 22:53:34,179 | INFO | watchfiles.main | 1 change detected
2026-08-06 22:53:34,541 | INFO | watchfiles.main | 1 change detected
2026-08-06 22:53:34,944 | INFO | watchfiles.main | 1 change detected
2026-08-06 22:53:35,356 | INFO | watchfiles.main | 1 change detected
2026-08-06 22:53:35,771 | INFO | watchfiles.main | 1 change detected
2026-08-06 22:53:36,135 | INFO | watchfiles.main | 1 change detected
2026-08-06 22:53:36,545 | INFO | watchfiles.main | 1 change detected
2026-08-06 22:53:36,957 | INFO | watchfiles.main | 1 change detected
2026-08-06 22:53:37,367 | INFO | watchfiles.main | 1 change detected
2026-08-06 22:53:37,778 | INFO | watchfiles.main | 1 change detected
2026-08-06 22:53:38,208 | INFO | watchfiles.main | 1 change detected
2026-08-06 22:53:38,561 | INFO | watchfiles.main | 1 change detected
2026-08-06 22:53:38,970 | INFO | watchfiles.main | 1 change detected
2026-08-06 22:53:39,427 | INFO | watchfiles.main | 1 change detected
2026-08-06 22:53:39,831 | INFO | watchfiles.main | 1 change detected
2026-08-06 22:53:40,237 | INFO | watchfiles.main | 1 change detected
2026-08-06 22:53:40,643 | INFO | watchfiles.main | 1 change detected
2026-08-06 22:53:41,050 | INFO | watchfiles.main | 1 change detected
2026-08-06 22:53:41,456 | INFO | watchfiles.main | 1 change detected
2026-08-06 22:53:41,865 | INFO | watchfiles.main | 1 change detected
2026-08-06 22:53:42,271 | INFO | watchfiles.main | 1 change detected
2026-08-06 22:53:42,680 | INFO | watchfiles.main | 1 change detected
2026-08-06 22:53:43,089 | INFO | watchfiles.main | 1 change detected
2026-08-06 22:53:43,497 | INFO | watchfiles.main | 1 change detected
2026-08-06 22:53:43,907 | INFO | watchfiles.main | 1 change detected
2026-08-06 22:53:44,313 | INFO | watchfiles.main | 1 change detected
2026-08-06 22:53:44,721 | INFO | watchfiles.main | 1 change detected
2026-08-06 22:53:45,126 | INFO | watchfiles.main | 1 change detected
2026-08-06 22:53:45,532 | INFO | watchfiles.main | 1 change detected
2026-08-06 22:53:45,940 | INFO | watchfiles.main | 1 change detected
2026-08-06 22:53:46,344 | INFO | watchfiles.main | 1 change detected
2026-08-06 22:53:46,751 | INFO | watchfiles.main | 1 change detected
2026-08-06 22:53:47,159 | INFO | watchfiles.main | 1 change detected
2026-08-06 22:53:47,564 | INFO | watchfiles.main | 1 change detected
2026-08-06 22:53:47,971 | INFO | watchfiles.main | 1 change detected
2026-08-06 22:53:48,378 | INFO | watchfiles.main | 1 change detected
2026-08-06 22:53:48,783 | INFO | watchfiles.main | 1 change detected
2026-08-06 22:53:49,191 | INFO | watchfiles.main | 1 change detected
2026-08-06 22:53:49,598 | INFO | watchfiles.main | 1 change detected
2026-08-06 22:53:50,006 | INFO | watchfiles.main | 1 change detected
2026-08-06 22:53:50,413 | INFO | watchfiles.main | 1 change detected
2026-08-06 22:53:50,827 | INFO | watchfiles.main | 1 change detected
2026-08-06 22:53:51,241 | INFO | watchfiles.main | 1 change detected
2026-08-06 22:53:51,608 | INFO | watchfiles.main | 1 change detected
2026-08-06 22:53:52,068 | INFO | watchfiles.main | 1 change detected
2026-08-06 22:53:52,472 | INFO | watchfiles.main | 1 change detected
2026-08-06 22:53:52,882 | INFO | watchfiles.main | 1 change detected
2026-08-06 22:53:53,289 | INFO | watchfiles.main | 1 change detected
2026-08-06 22:53:53,699 | INFO | watchfiles.main | 1 change detected
2026-08-06 22:53:54,107 | INFO | watchfiles.main | 1 change detected
2026-08-06 22:53:54,513 | INFO | watchfiles.main | 1 change detected
2026-08-06 22:53:54,923 | INFO | watchfiles.main | 1 change detected
2026-08-06 22:53:55,331 | INFO | watchfiles.main | 1 change detected
2026-08-06 22:53:55,739 | INFO | watchfiles.main | 1 change detected
2026-08-06 22:53:56,148 | INFO | watchfiles.main | 1 change detected
2026-08-06 22:53:56,508 | INFO | watchfiles.main | 1 change detected
2026-08-06 22:53:56,916 | INFO | watchfiles.main | 1 change detected
2026-08-06 22:53:57,322 | INFO | watchfiles.main | 1 change detected
2026-08-06 22:53:57,730 | INFO | watchfiles.main | 1 change detected
2026-08-06 22:53:58,135 | INFO | watchfiles.main | 1 change detected
2026-08-06 22:53:58,541 | INFO | watchfiles.main | 1 change detected
2026-08-06 22:53:58,949 | INFO | watchfiles.main | 1 change detected
2026-08-06 22:53:59,357 | INFO | watchfiles.main | 1 change detected
2026-08-06 22:53:59,763 | INFO | watchfiles.main | 1 change detected
2026-08-06 22:54:00,170 | INFO | watchfiles.main | 1 change detected
2026-08-06 22:54:00,575 | INFO | watchfiles.main | 1 change detected
2026-08-06 22:54:00,984 | INFO | watchfiles.main | 1 change detected
2026-08-06 22:54:01,389 | INFO | watchfiles.main | 1 change detected
2026-08-06 22:54:01,795 | INFO | watchfiles.main | 1 change detected
2026-08-06 22:54:02,205 | INFO | watchfiles.main | 1 change detected
2026-08-06 22:54:02,665 | INFO | watchfiles.main | 1 change detected
2026-08-06 22:54:03,070 | INFO | watchfiles.main | 1 change detected
2026-08-06 22:54:03,478 | INFO | watchfiles.main | 1 change detected
2026-08-06 22:54:03,886 | INFO | watchfiles.main | 1 change detected
2026-08-06 22:54:04,295 | INFO | watchfiles.main | 1 change detected
2026-08-06 22:54:04,654 | INFO | watchfiles.main | 1 change detected
2026-08-06 22:54:05,066 | INFO | watchfiles.main | 1 change detected
2026-08-06 22:54:05,475 | INFO | watchfiles.main | 1 change detected
2026-08-06 22:54:05,884 | INFO | watchfiles.main | 1 change detected
2026-08-06 22:54:06,292 | INFO | watchfiles.main | 1 change detected
2026-08-06 22:54:06,700 | INFO | watchfiles.main | 1 change detected
2026-08-06 22:54:07,106 | INFO | watchfiles.main | 1 change detected
2026-08-06 22:54:07,515 | INFO | watchfiles.main | 1 change detected
2026-08-06 22:54:07,918 | INFO | watchfiles.main | 1 change detected
2026-08-06 22:54:08,324 | INFO | watchfiles.main | 1 change detected
2026-08-06 22:54:08,786 | INFO | watchfiles.main | 1 change detected
2026-08-06 22:54:09,191 | INFO | watchfiles.main | 1 change detected
2026-08-06 22:54:09,597 | INFO | watchfiles.main | 1 change detected
2026-08-06 22:54:10,003 | INFO | watchfiles.main | 1 change detected
2026-08-06 22:54:10,409 | INFO | watchfiles.main | 1 change detected
2026-08-06 22:54:10,813 | INFO | watchfiles.main | 1 change detected
2026-08-06 22:54:11,220 | INFO | watchfiles.main | 1 change detected
2026-08-06 22:54:11,625 | INFO | watchfiles.main | 1 change detected
2026-08-06 22:54:12,031 | INFO | watchfiles.main | 1 change detected
2026-08-06 22:54:12,437 | INFO | watchfiles.main | 1 change detected
2026-08-06 22:54:12,844 | INFO | watchfiles.main | 1 change detected
2026-08-06 22:54:13,257 | INFO | watchfiles.main | 1 change detected
2026-08-06 22:54:13,679 | INFO | watchfiles.main | 1 change detected
2026-08-06 22:54:14,044 | INFO | watchfiles.main | 1 change detected
2026-08-06 22:54:14,506 | INFO | watchfiles.main | 1 change detected
2026-08-06 22:54:14,867 | INFO | watchfiles.main | 1 change detected
2026-08-06 22:54:15,276 | INFO | watchfiles.main | 1 change detected
2026-08-06 22:54:15,683 | INFO | watchfiles.main | 1 change detected
2026-08-06 22:54:16,143 | INFO | watchfiles.main | 1 change detected
2026-08-06 22:54:16,546 | INFO | watchfiles.main | 1 change detected
2026-08-06 22:54:16,951 | INFO | watchfiles.main | 1 change detected
2026-08-06 22:54:17,358 | INFO | watchfiles.main | 1 change detected
2026-08-06 22:54:17,764 | INFO | watchfiles.main | 1 change detected
2026-08-06 22:54:18,171 | INFO | watchfiles.main | 1 change detected
2026-08-06 22:54:18,580 | INFO | watchfiles.main | 1 change detected
2026-08-06 22:54:18,987 | INFO | watchfiles.main | 1 change detected
2026-08-06 22:54:19,395 | INFO | watchfiles.main | 1 change detected
2026-08-06 22:54:19,802 | INFO | watchfiles.main | 1 change detected
2026-08-06 22:54:20,209 | INFO | watchfiles.main | 1 change detected
2026-08-06 22:54:20,618 | INFO | watchfiles.main | 1 change detected
2026-08-06 22:54:21,027 | INFO | watchfiles.main | 1 change detected
2026-08-06 22:54:21,386 | INFO | watchfiles.main | 1 change detected
2026-08-06 22:54:21,801 | INFO | watchfiles.main | 1 change detected
2026-08-06 22:54:22,215 | INFO | watchfiles.main | 1 change detected
2026-08-06 22:54:22,577 | INFO | watchfiles.main | 1 change detected
2026-08-06 22:54:22,990 | INFO | watchfiles.main | 1 change detected
2026-08-06 22:54:23,397 | INFO | watchfiles.main | 1 change detected
2026-08-06 22:54:23,803 | INFO | watchfiles.main | 1 change detected
2026-08-06 22:54:24,209 | INFO | watchfiles.main | 1 change detected
2026-08-06 22:54:24,669 | INFO | watchfiles.main | 1 change detected
2026-08-06 22:54:25,073 | INFO | watchfiles.main | 1 change detected
2026-08-06 22:54:25,482 | INFO | watchfiles.main | 1 change detected
2026-08-06 22:54:25,889 | INFO | watchfiles.main | 1 change detected
2026-08-06 22:54:26,297 | INFO | watchfiles.main | 1 change detected
2026-08-06 22:54:26,701 | INFO | watchfiles.main | 1 change detected
2026-08-06 22:54:27,062 | INFO | watchfiles.main | 1 change detected
2026-08-06 22:54:27,472 | INFO | watchfiles.main | 1 change detected
2026-08-06 22:54:27,887 | INFO | watchfiles.main | 1 change detected
2026-08-06 22:54:28,292 | INFO | watchfiles.main | 1 change detected
2026-08-06 22:54:28,704 | INFO | watchfiles.main | 1 change detected
2026-08-06 22:54:29,067 | INFO | watchfiles.main | 1 change detected
2026-08-06 22:54:29,482 | INFO | watchfiles.main | 1 change detected
2026-08-06 22:54:29,893 | INFO | watchfiles.main | 1 change detected
2026-08-06 22:54:30,303 | INFO | watchfiles.main | 1 change detected
2026-08-06 22:54:30,711 | INFO | watchfiles.main | 1 change detected
2026-08-06 22:54:31,071 | INFO | watchfiles.main | 1 change detected
2026-08-06 22:54:31,482 | INFO | watchfiles.main | 1 change detected
2026-08-06 22:54:31,892 | INFO | watchfiles.main | 1 change detected
2026-08-06 22:54:32,299 | INFO | watchfiles.main | 1 change detected
2026-08-06 22:54:32,708 | INFO | watchfiles.main | 1 change detected
2026-08-06 22:54:33,068 | INFO | watchfiles.main | 1 change detected
2026-08-06 22:54:33,477 | INFO | watchfiles.main | 1 change detected
2026-08-06 22:54:33,882 | INFO | watchfiles.main | 1 change detected
2026-08-06 22:54:34,291 | INFO | watchfiles.main | 1 change detected
2026-08-06 22:54:34,703 | INFO | watchfiles.main | 1 change detected
2026-08-06 22:54:35,111 | INFO | watchfiles.main | 1 change detected
2026-08-06 22:54:35,470 | INFO | watchfiles.main | 1 change detected
2026-08-06 22:54:35,879 | INFO | watchfiles.main | 1 change detected
2026-08-06 22:54:36,287 | INFO | watchfiles.main | 1 change detected
2026-08-06 22:54:36,695 | INFO | watchfiles.main | 1 change detected
2026-08-06 22:54:37,101 | INFO | watchfiles.main | 1 change detected
2026-08-06 22:54:37,531 | INFO | watchfiles.main | 1 change detected
2026-08-06 22:54:37,886 | INFO | watchfiles.main | 1 change detected
2026-08-06 22:54:38,305 | INFO | watchfiles.main | 1 change detected
2026-08-06 22:54:38,724 | INFO | watchfiles.main | 1 change detected
2026-08-06 22:54:39,189 | INFO | watchfiles.main | 1 change detected
2026-08-06 22:54:39,548 | INFO | watchfiles.main | 1 change detected
2026-08-06 22:54:39,959 | INFO | watchfiles.main | 1 change detected
2026-08-06 22:54:40,370 | INFO | watchfiles.main | 1 change detected
2026-08-06 22:54:40,780 | INFO | watchfiles.main | 1 change detected
2026-08-06 22:54:41,192 | INFO | watchfiles.main | 1 change detected
2026-08-06 22:54:41,599 | INFO | watchfiles.main | 1 change detected
2026-08-06 22:54:42,009 | INFO | watchfiles.main | 1 change detected
2026-08-06 22:54:42,417 | INFO | watchfiles.main | 1 change detected
2026-08-06 22:54:42,825 | INFO | watchfiles.main | 1 change detected
2026-08-06 22:54:43,239 | INFO | watchfiles.main | 1 change detected
2026-08-06 22:54:43,646 | INFO | watchfiles.main | 1 change detected
2026-08-06 22:54:44,059 | INFO | watchfiles.main | 1 change detected
2026-08-06 22:54:44,480 | INFO | watchfiles.main | 1 change detected
2026-08-06 22:54:44,890 | INFO | watchfiles.main | 1 change detected
2026-08-06 22:54:45,283 | INFO | watchfiles.main | 1 change detected
2026-08-06 22:54:45,697 | INFO | watchfiles.main | 1 change detected
2026-08-06 22:54:46,110 | INFO | watchfiles.main | 1 change detected
2026-08-06 22:54:46,526 | INFO | watchfiles.main | 1 change detected
2026-08-06 22:54:46,933 | INFO | watchfiles.main | 1 change detected
2026-08-06 22:54:47,343 | INFO | watchfiles.main | 1 change detected
2026-08-06 22:54:47,752 | INFO | watchfiles.main | 1 change detected
2026-08-06 22:54:48,162 | INFO | watchfiles.main | 1 change detected
2026-08-06 22:54:48,571 | INFO | watchfiles.main | 1 change detected
2026-08-06 22:54:48,985 | INFO | watchfiles.main | 1 change detected
2026-08-06 22:54:49,388 | INFO | watchfiles.main | 1 change detected
2026-08-06 22:54:49,801 | INFO | watchfiles.main | 1 change detected
2026-08-06 22:54:50,205 | INFO | watchfiles.main | 1 change detected
2026-08-06 22:54:50,612 | INFO | watchfiles.main | 1 change detected
2026-08-06 22:54:51,021 | INFO | watchfiles.main | 1 change detected
2026-08-06 22:54:51,412 | INFO | watchfiles.main | 1 change detected
2026-08-06 22:54:51,825 | INFO | watchfiles.main | 1 change detected
2026-08-06 22:54:52,233 | INFO | watchfiles.main | 1 change detected
2026-08-06 22:54:52,637 | INFO | watchfiles.main | 1 change detected
2026-08-06 22:54:53,044 | INFO | watchfiles.main | 1 change detected
2026-08-06 22:54:53,475 | INFO | watchfiles.main | 1 change detected
2026-08-06 22:54:53,880 | INFO | watchfiles.main | 1 change detected
2026-08-06 22:54:54,291 | INFO | watchfiles.main | 1 change detected
2026-08-06 22:54:54,704 | INFO | watchfiles.main | 1 change detected
2026-08-06 22:54:55,067 | INFO | watchfiles.main | 1 change detected
2026-08-06 22:54:55,481 | INFO | watchfiles.main | 1 change detected
2026-08-06 22:54:55,893 | INFO | watchfiles.main | 1 change detected
2026-08-06 22:54:56,305 | INFO | watchfiles.main | 1 change detected
2026-08-06 22:54:56,714 | INFO | watchfiles.main | 1 change detected
2026-08-06 22:54:57,124 | INFO | watchfiles.main | 1 change detected
2026-08-06 22:54:57,503 | INFO | watchfiles.main | 1 change detected
2026-08-06 22:54:57,915 | INFO | watchfiles.main | 1 change detected
2026-08-06 22:54:58,276 | INFO | watchfiles.main | 1 change detected
2026-08-06 22:54:58,690 | INFO | watchfiles.main | 1 change detected
2026-08-06 22:54:59,100 | INFO | watchfiles.main | 1 change detected
2026-08-06 22:54:59,509 | INFO | watchfiles.main | 1 change detected
2026-08-06 22:54:59,919 | INFO | watchfiles.main | 1 change detected
2026-08-06 22:55:00,327 | INFO | watchfiles.main | 1 change detected
2026-08-06 22:55:00,784 | INFO | watchfiles.main | 1 change detected
2026-08-06 22:55:01,191 | INFO | watchfiles.main | 1 change detected
2026-08-06 22:55:01,602 | INFO | watchfiles.main | 1 change detected
2026-08-06 22:55:02,010 | INFO | watchfiles.main | 1 change detected
2026-08-06 22:55:02,419 | INFO | watchfiles.main | 1 change detected
2026-08-06 22:55:02,823 | INFO | watchfiles.main | 1 change detected
2026-08-06 22:55:03,234 | INFO | watchfiles.main | 1 change detected
2026-08-06 22:55:03,697 | INFO | watchfiles.main | 1 change detected
2026-08-06 22:55:04,102 | INFO | watchfiles.main | 1 change detected
2026-08-06 22:55:04,514 | INFO | watchfiles.main | 1 change detected
2026-08-06 22:55:04,917 | INFO | watchfiles.main | 1 change detected
2026-08-06 22:55:05,279 | INFO | watchfiles.main | 1 change detected
2026-08-06 22:55:05,700 | INFO | watchfiles.main | 1 change detected
2026-08-06 22:55:06,116 | INFO | watchfiles.main | 1 change detected
2026-08-06 22:55:06,531 | INFO | watchfiles.main | 1 change detected
2026-08-06 22:55:06,949 | INFO | watchfiles.main | 1 change detected
2026-08-06 22:55:07,360 | INFO | watchfiles.main | 1 change detected
2026-08-06 22:55:07,768 | INFO | watchfiles.main | 1 change detected
2026-08-06 22:55:08,183 | INFO | watchfiles.main | 1 change detected
2026-08-06 22:55:08,587 | INFO | watchfiles.main | 1 change detected
2026-08-06 22:55:09,046 | INFO | watchfiles.main | 1 change detected
2026-08-06 22:55:09,452 | INFO | watchfiles.main | 1 change detected
2026-08-06 22:55:09,861 | INFO | watchfiles.main | 1 change detected
2026-08-06 22:55:10,221 | INFO | watchfiles.main | 1 change detected
2026-08-06 22:55:10,632 | INFO | watchfiles.main | 1 change detected
2026-08-06 22:55:11,039 | INFO | watchfiles.main | 1 change detected
2026-08-06 22:55:11,450 | INFO | watchfiles.main | 1 change detected
2026-08-06 22:55:11,858 | INFO | watchfiles.main | 1 change detected
2026-08-06 22:55:12,275 | INFO | watchfiles.main | 1 change detected
2026-08-06 22:55:12,682 | INFO | watchfiles.main | 1 change detected
2026-08-06 22:55:13,089 | INFO | watchfiles.main | 1 change detected
2026-08-06 22:55:13,500 | INFO | watchfiles.main | 1 change detected
2026-08-06 22:55:13,919 | INFO | watchfiles.main | 1 change detected
2026-08-06 22:55:14,331 | INFO | watchfiles.main | 1 change detected
2026-08-06 22:55:14,694 | INFO | watchfiles.main | 1 change detected
2026-08-06 22:55:15,155 | INFO | watchfiles.main | 1 change detected
2026-08-06 22:55:15,567 | INFO | watchfiles.main | 1 change detected
2026-08-06 22:55:15,970 | INFO | watchfiles.main | 1 change detected
2026-08-06 22:55:16,334 | INFO | watchfiles.main | 1 change detected
2026-08-06 22:55:16,748 | INFO | watchfiles.main | 1 change detected
2026-08-06 22:55:17,160 | INFO | watchfiles.main | 1 change detected
2026-08-06 22:55:17,567 | INFO | watchfiles.main | 1 change detected
2026-08-06 22:55:17,975 | INFO | watchfiles.main | 1 change detected
2026-08-06 22:55:18,447 | INFO | watchfiles.main | 1 change detected
2026-08-06 22:55:18,965 | INFO | watchfiles.main | 1 change detected
2026-08-06 22:55:19,331 | INFO | watchfiles.main | 1 change detected
2026-08-06 22:55:19,746 | INFO | watchfiles.main | 1 change detected
2026-08-06 22:55:20,110 | INFO | watchfiles.main | 1 change detected
2026-08-06 22:55:20,570 | INFO | watchfiles.main | 1 change detected
2026-08-06 22:55:20,931 | INFO | watchfiles.main | 1 change detected
2026-08-06 22:55:21,345 | INFO | watchfiles.main | 1 change detected
2026-08-06 22:55:21,760 | INFO | watchfiles.main | 1 change detected
2026-08-06 22:55:22,123 | INFO | watchfiles.main | 1 change detected
2026-08-06 22:55:22,538 | INFO | watchfiles.main | 1 change detected
2026-08-06 22:55:22,996 | INFO | watchfiles.main | 1 change detected
2026-08-06 22:55:23,401 | INFO | watchfiles.main | 1 change detected
2026-08-06 22:55:23,761 | INFO | watchfiles.main | 1 change detected
2026-08-06 22:55:24,281 | INFO | watchfiles.main | 1 change detected
2026-08-06 22:55:24,803 | INFO | watchfiles.main | 1 change detected
2026-08-06 22:55:25,308 | INFO | watchfiles.main | 1 change detected
2026-08-06 22:55:25,977 | INFO | watchfiles.main | 1 change detected
2026-08-06 22:55:26,548 | INFO | watchfiles.main | 1 change detected
2026-08-06 22:55:27,184 | INFO | watchfiles.main | 1 change detected
2026-08-06 22:55:27,790 | INFO | watchfiles.main | 1 change detected
2026-08-06 22:55:28,428 | INFO | watchfiles.main | 1 change detected
2026-08-06 22:55:29,120 | INFO | watchfiles.main | 1 change detected
2026-08-06 22:55:29,959 | INFO | watchfiles.main | 1 change detected
2026-08-06 22:55:30,679 | INFO | watchfiles.main | 1 change detected
2026-08-06 22:55:31,186 | INFO | watchfiles.main | 1 change detected
